rooms,area,age,price
7,784,39,115238
4,781,13,136459
5,1344,1,171690
7,573,3,122749
3,894,46,68940
5,1102,20,171799
5,1070,19,129407
7,1439,1,250072
2,521,33,84691
3,402,8,87780
7,1325,16,242648
3,600,48,56201
3,519,1,92903
5,1345,9,203559
4,415,0,78218
3,614,10,94508
6,1501,4,228145
5,1068,36,192199
2,324,7,54197
4,735,15,137800
6,1027,29,205709
6,1603,50,187693
2,503,10,77780
4,803,9,120209
5,944,1,145076
1,300,0,65964
4,644,14,106654
2,316,1,61865
6,1428,7,251642
5,717,0,140782
4,778,14,125525
1,300,8,50000
1,300,2,50000
3,437,5,68734
3,609,12,99364
7,1589,16,282054
2,300,9,50000
4,1158,24,161621
4,877,1,156868
7,1895,1,350313
6,1080,0,159077
6,1127,11,184107
7,1458,18,180969
6,1273,2,217656
3,825,15,109874
4,300,9,83558
7,2059,50,268153
4,899,18,175001
1,300,16,50000
3,451,12,83465
5,816,50,132235
3,838,50,104199
7,1738,11,243853
5,982,9,175035
1,323,9,56259
7,974,8,145439
2,300,11,50000
4,1235,4,232254
1,300,39,50000
4,1091,10,157391
6,947,27,150629
2,405,9,50000
2,407,19,50000
1,300,6,65863
2,592,14,68911
5,972,10,141418
2,507,6,87519
4,770,31,121798
4,788,1,145323
7,660,10,108542
4,1020,3,201653
7,724,29,127476
4,948,4,97473
5,653,15,112057
7,529,2,120719
3,564,7,107232
6,1161,34,169498
1,300,2,80210
4,830,16,142121
2,453,3,109057
4,917,8,142475
2,590,11,53260
6,753,12,178554
6,1017,13,188113
6,1163,15,245744
2,597,4,73838
4,779,7,125487
6,1262,0,244684
5,1309,21,211244
7,1006,27,195891
2,458,3,76999
2,561,3,70897
4,1191,0,182913
2,300,50,50000
2,411,24,50000
6,610,6,103503
4,300,9,52796
6,1236,5,216580
7,1143,13,196711
7,1353,18,241426
6,1352,8,238852
7,1926,31,288937
4,776,10,107059
1,300,2,86572
6,1211,14,216106
5,1515,9,174583
5,583,41,116895
2,612,7,101902
7,1466,7,254632
5,408,15,70268
2,434,11,50000
1,300,7,65204
4,776,50,64174
4,936,5,120664
4,596,4,96467
5,1279,29,195587
1,300,0,68245
5,1175,3,198217
7,1461,13,301917
5,677,2,122296
1,300,50,50000
1,300,9,50000
7,1272,13,193288
1,300,2,52903
1,400,5,72574
4,753,14,90123
7,1693,11,289622
3,502,23,85108
3,738,4,141725
1,300,15,50000
3,564,5,139792
3,729,13,119285
1,300,13,50000
3,618,1,91464
5,1372,11,188964
2,300,0,90038
7,1662,10,277309
2,308,17,53773
1,300,1,60193
4,1124,41,98972
7,1685,9,244066
1,300,41,50000
4,844,1,166517
2,546,44,63129
1,300,1,84607
7,1326,9,260778
7,1412,41,232476
6,1337,3,228299
5,679,0,120413
3,563,23,58269
4,480,13,79712
6,1339,10,202077
3,340,0,50000
3,693,15,95300
1,300,2,60770
3,1124,40,91114
5,1193,17,159143
7,1769,18,243500
6,1641,3,237427
3,634,31,119510
1,300,11,50000
5,676,29,97812
2,401,4,60681
7,1087,21,141972
7,1285,12,199418
6,1709,0,316793
7,1503,7,274157
3,437,3,88185
1,393,6,84869
7,1799,7,288824
7,1772,9,252336
2,300,13,50000
2,442,12,90123
4,829,0,167053
5,1126,20,188298
3,987,44,114417
7,2188,6,359677
7,1039,2,209083
1,300,11,50000
4,963,18,177004
5,1208,17,212868
4,766,14,81115
6,1361,2,256830
5,935,27,121293
7,1423,8,233273
7,1338,3,172717
5,1145,1,223724
7,1104,8,215399
3,939,14,128714
5,1378,16,239191
4,956,49,146732
5,741,2,129509
7,1945,50,250142
3,426,15,55949
3,648,9,55830
6,1082,32,146855
4,949,17,186553
2,481,6,62331
2,300,32,50000
5,1087,16,166295
6,1591,18,274388
1,300,34,50000
5,594,8,95618
6,1365,16,233232
4,1111,20,189679
4,999,9,190169
4,864,1,152705
4,700,22,67528
4,865,0,181521
6,1316,18,275168
6,863,36,130383
3,376,6,69391
2,441,1,82853
7,2137,3,407239
4,483,12,87331
1,300,42,50000
7,1415,10,222700
6,1589,1,291458
1,300,14,60530
1,300,19,50000
1,300,7,50000
3,516,19,75307
6,557,5,115134
1,300,23,50000
4,638,6,110601
5,1420,4,222545
1,300,31,50000
3,633,11,69876
7,1562,5,236128
6,1122,41,185641
3,743,17,137248
1,300,3,50000
6,1436,14,238246
5,1131,30,173746
1,425,17,64250
3,598,4,107182
2,447,15,82616
4,654,14,137244
7,1357,25,202289
3,300,2,51132
6,1287,18,187709
1,326,0,50000
4,949,17,154391
1,300,48,50000
6,869,2,170529
1,300,5,50000
2,491,13,50000
4,430,19,83753
4,706,6,99624
6,1015,16,126280
7,1960,34,273909
2,405,19,62551
3,675,18,110237
1,300,7,50000
5,1295,36,127278
1,300,4,54700
1,456,3,78881
3,401,6,70404
1,300,15,50000
2,329,29,50000
2,445,2,70532
4,844,25,140843
6,1226,25,207366
7,1432,13,262576
5,780,21,108405
1,300,3,50000
1,300,2,57688
3,427,29,50000
6,1264,10,241570
2,300,4,64317
5,942,17,175904
4,453,33,53799
2,577,15,106277
6,1269,6,194295
7,1069,9,149488
4,434,20,88811
7,1452,1,210128
3,691,3,122057
3,542,9,135159
1,300,13,50000
7,1954,6,264575
6,1130,5,181428
5,1020,0,219575
4,300,0,96021
2,518,4,81233
6,1011,11,126542
6,1123,12,196771
3,903,10,144732
7,1084,7,166729
1,300,4,66471
1,300,7,50000
4,862,2,149305
3,824,1,123677
6,1080,5,192195
5,1253,50,145207
3,761,5,128779
4,750,41,61021
4,655,7,117489
3,619,8,99194
4,672,23,141186
3,410,1,93093
2,507,3,80189
3,853,50,140431
7,1033,10,189135
3,559,0,94487
4,855,0,151844
7,1928,35,232460
4,788,30,111761
1,300,9,65183
1,309,2,50000
7,1697,26,252507
2,332,5,50000
1,300,8,50000
3,395,17,65396
4,1236,6,206387
1,383,14,54628
1,300,32,50000
2,374,23,65112
7,1260,7,205749
7,1755,5,350371
6,1038,5,183238
2,382,6,50238
3,727,10,136826
7,1245,8,237466
4,1131,2,139354
2,300,2,50000
1,300,6,50000
4,997,12,178756
4,505,13,98497
1,388,9,50000
2,350,20,50000
1,300,20,50000
6,1517,8,278228
4,914,1,176602
5,1169,11,254555
5,1324,7,267718
3,500,2,76235
7,1996,50,294755
1,300,6,50533
1,300,14,63594
3,660,10,110041
3,469,2,80388
3,865,0,135939
4,1733,14,242472
6,1088,4,167372
1,322,4,54642
4,782,47,129542
3,620,9,88655
1,366,0,50000
4,560,6,87149
6,732,13,149286
4,629,5,121308
6,1364,0,221529
3,759,8,104759
6,1214,1,176924
1,300,14,50000
3,705,14,94107
1,300,0,50406
5,626,5,114065
2,526,8,93737
6,1463,11,192550
2,815,5,147157
2,419,5,50000
6,1771,50,286936
3,357,0,85688
5,790,50,96341
1,300,0,50000
4,644,5,120653
1,300,10,50000
4,971,2,143452
1,300,2,50000
6,1422,4,201726
5,572,50,50000
4,747,7,93942
7,763,12,129495
3,840,18,171853
1,300,20,50000
1,450,17,62881
4,996,6,174114
3,495,1,107163
3,705,4,129640
6,1018,3,165423
7,1928,2,366369
6,777,0,155686
6,795,41,94178
6,658,38,110729
6,1259,0,248378
6,1000,2,168183
5,685,2,120297
3,986,4,170684
6,1358,3,272485
3,774,43,76696
3,801,1,129424
2,378,3,74702
5,714,1,141245
6,874,50,109328
1,300,37,50000
4,983,18,156156
7,980,8,171024
1,300,3,53851
5,1219,3,233372
4,888,8,147146
5,1251,21,220700
3,708,4,89382
4,804,5,136522
3,790,13,149451
1,300,4,50000
1,300,13,50000
4,332,7,79248
4,406,0,50000
6,1004,7,167799
5,1104,37,174899
6,1641,5,303395
5,1692,5,299016
6,1570,1,254346
3,827,14,95670
4,839,28,106188
1,301,6,91498
5,824,4,115166
5,1484,47,232348
1,300,20,50000
6,961,12,124665
5,1272,5,183556
7,1299,3,217942
3,700,18,97838
4,894,11,151914
1,366,11,74017
4,821,1,117013
7,1234,10,186310
5,1133,25,139664
5,995,44,106838
7,979,1,155325
1,300,14,50000
3,300,12,81804
2,524,33,83851
1,300,20,50000
2,340,50,50000
7,1882,48,223059
6,1239,3,263213
2,300,19,50000
3,622,11,103367
6,1816,3,294370
2,300,3,55049
7,1628,1,226241
6,1341,23,268677
7,1696,5,258999
2,776,29,109425
7,978,14,178976
3,357,16,79446
2,300,5,66947
2,406,9,60018
2,706,7,103609
1,300,4,50000
1,300,26,50000
1,300,14,50000
3,387,0,62286
6,666,25,129044
7,811,1,148462
5,957,7,147405
2,517,12,87740
7,1879,0,274195
2,465,15,50000
3,424,16,59487
2,449,15,70046
1,467,2,78181
5,1458,4,210133
4,653,4,138399
2,456,48,50000
7,1961,1,362740
1,300,8,61660
4,694,30,137218
5,1602,22,251305
4,675,25,99306
1,300,50,50000
6,1056,7,149601
6,1451,5,323331
4,778,0,151225
3,711,2,140102
7,1810,12,310598
7,1153,2,205495
4,763,19,120824
2,378,0,65251
2,300,4,50000
7,1420,17,265571
7,1564,4,211869
6,1063,19,189555
3,704,50,84845
1,342,23,50000
2,300,6,50000
7,1361,34,229908
6,1061,0,173487
5,741,19,107992
6,1464,0,260543
2,547,2,100238
2,458,50,50741
6,1030,6,163868
1,300,25,50000
4,358,7,50000
2,580,27,71540
6,1245,50,171190
7,1658,8,239205
6,1305,12,190647
3,803,14,139439
4,1013,40,131676
5,1106,4,156583
1,361,14,67526
5,949,5,201859
4,695,3,90720
4,670,1,107611
4,507,14,81946
5,1097,32,170194
7,1531,6,223538
4,695,12,95662
6,1287,15,196571
5,582,8,127080
4,991,35,163448
6,1512,6,329934
7,2141,2,274167
3,612,2,77641
7,1326,33,201170
4,328,50,50000
5,1360,5,238726
2,497,2,83943
4,924,9,178541
2,499,18,56798
6,1133,14,184275
3,753,45,76970
1,300,25,50000
7,2039,30,313602
3,717,11,101458
4,588,5,153566
2,300,18,68161
7,716,8,88915
2,300,5,69516
5,1119,2,204534
2,371,11,50000
5,1201,13,218787
6,712,12,138008
7,1268,1,197270
7,1923,12,391543
1,300,2,53398
4,509,16,88672
5,917,8,143649
1,315,28,50000
2,300,22,50000
2,327,19,50000
1,300,18,50000
7,1029,12,185914
2,468,0,86472
6,1712,15,277457
6,784,9,166607
1,300,9,58222
5,1086,7,190414
5,1018,39,166107
1,300,4,50000
5,920,5,162230
7,1661,49,228314
7,1673,24,225580
5,774,0,135310
6,1122,35,128445
5,1379,3,275628
7,1319,18,267320
3,310,12,77371
4,640,11,75399
2,568,18,62788
3,854,3,161125
5,1095,2,189200
6,1328,15,200292
1,300,5,50000
5,1065,50,131633
6,843,9,173935
4,749,1,132667
5,1210,17,202970
7,813,5,155284
1,300,2,65105
6,949,8,160510
6,1098,49,181232
6,1073,7,204210
4,1214,6,227860
5,987,8,146943
4,1243,0,195197
2,470,2,106973
2,300,28,50000
5,1127,50,168835
7,1266,2,284244
4,987,11,108642
1,300,50,50000
6,1613,2,322053
6,1535,3,289693
5,1068,39,184030
7,2058,18,300395
2,447,2,50000
2,572,7,84880
6,1361,0,218730
5,1043,8,172655
4,693,22,77741
2,487,12,94322
4,645,15,99151
7,1230,5,179878
2,407,2,71980
2,300,0,50000
3,570,25,71496
2,554,15,84535
1,300,3,58198
5,1233,8,199600
5,850,24,139493
4,1005,11,167504
7,2247,5,375656
2,300,4,52451
1,300,3,50000
4,650,26,116742
3,568,13,126556
4,929,18,126866
4,742,29,127948
2,300,50,50000
3,648,4,82378
4,824,2,149154
1,300,9,54488
1,371,0,50000
5,1079,23,153091
3,542,32,50000
3,764,17,112763
5,965,4,181441
4,911,1,119544
3,443,7,94191
1,300,26,50000
1,300,6,96097
2,300,0,50000
3,582,4,83867
4,715,50,89313
5,1009,16,130989
5,1397,34,255589
4,957,22,166908
7,1714,11,324880
6,1759,2,322968
2,300,6,50000
5,1519,13,226093
3,610,30,82419
2,527,4,81171
3,751,1,110504
7,1338,12,225492
1,358,2,65971
2,407,14,56848
5,1284,4,176830
2,300,3,50000
2,395,7,50000
2,473,13,87642
6,685,11,116618
2,560,4,92128
3,601,33,80446
1,300,1,67349
7,980,0,179671
4,993,13,168471
2,390,1,50000
5,1184,10,231217
2,476,45,50000
5,781,17,109902
3,658,14,133643
5,1353,12,222276
4,675,2,95983
1,300,8,50000
5,1103,6,161005
5,654,45,79052
1,410,4,67422
4,706,9,119814
2,339,41,57801
5,604,23,80487
1,300,50,50000
3,942,14,183112
1,300,6,58795
3,411,26,50000
4,494,5,82795
2,314,2,63026
1,460,18,65300
7,1363,15,235998
7,1202,31,191400
6,742,49,130764
5,862,29,149164
4,469,0,72177
1,300,16,50000
7,1667,23,206446
5,938,50,121618
7,1837,7,321288
1,304,2,50000
3,638,28,109044
1,300,5,50000
6,1569,13,242628
1,428,7,50000
1,300,7,52293
6,1213,19,164682
4,616,6,123035
1,339,17,55137
6,1763,0,292731
5,661,5,97733
3,300,5,69590
3,630,20,122101
1,300,5,50000
4,647,15,155130
4,893,17,134046
5,961,16,177293
1,300,13,50000
3,500,8,76801
4,856,7,163193
1,300,12,50000
7,1427,0,190104
4,736,31,115731
6,1166,26,155226
7,1393,6,209091
4,1194,12,226878
3,300,40,52905
2,300,4,54014
7,1028,20,184997
5,1330,1,195418
5,1054,11,178479
3,510,32,77902
4,1108,12,202655
1,300,14,50000
4,604,35,97436
3,433,18,55200
5,1339,17,251014
4,706,13,120324
5,1048,15,187470
7,1650,24,281242
1,300,50,50000
7,1956,23,290751
5,865,18,112075
5,693,2,121522
2,312,25,50000
2,300,19,50000
7,968,22,174930
6,1180,3,214611
7,1407,35,203339
2,515,1,95835
5,1087,4,186503
3,405,16,54312
7,1535,16,275424
5,660,5,149846
3,300,18,80237
3,955,7,152338
2,333,0,68602
7,1470,2,255246
4,536,32,76319
1,300,3,63712
2,563,1,60247
2,374,17,50000
4,537,8,95880
1,300,23,50000
5,1055,29,151886
6,1716,28,303011
7,1479,5,297052
6,1525,10,284313
5,656,15,104606
2,586,5,92740
1,300,0,56801
2,300,10,51598
3,559,0,87829
2,300,45,50000
2,300,23,50000
5,1155,3,249300
5,1043,5,153369
5,1411,50,160198
6,1696,7,287285
3,300,22,51769
5,991,8,177786
1,300,29,50000
6,1183,18,220572
4,715,0,125319
1,304,5,58952
7,1207,12,243287
7,940,39,109179
1,300,1,50000
5,1165,13,168586
4,1004,5,162925
4,728,33,122647
6,868,21,155998
4,758,6,110670
7,1507,2,288733
3,722,0,110672
5,1007,14,156497
4,986,7,161074
6,1290,5,204866
7,1427,50,192617
3,473,9,50000
2,411,20,50000
2,442,2,60267
3,889,0,131078
7,1429,8,271070
6,1626,16,202470
3,673,10,101438
5,935,33,143798
5,1440,8,219728
2,474,5,85541
4,659,37,106583
6,1660,7,279178
2,398,4,91483
4,761,1,116221
4,1064,23,153002
5,543,26,81109
7,1387,0,210959
1,300,6,57907
7,1700,20,253898
1,300,43,50000
3,572,7,68405
5,1240,30,239615
4,515,7,112274
6,1150,2,242600
1,300,0,50000
7,1274,6,224380
4,991,7,129228
1,300,43,50000
1,300,3,50264
1,300,7,50000
6,1298,0,189432
5,977,21,166515
6,1136,37,189546
2,366,4,50000
4,845,8,136886
5,882,1,166205
5,772,9,113619
5,1140,2,168866
7,1480,11,286163
5,1588,19,255064
6,709,12,105816
5,1019,4,174018
3,474,6,93982
4,660,15,103288
5,908,13,159204
4,868,2,174751
3,652,27,83816
3,347,9,50000
4,638,2,111859
1,300,1,50000
2,300,50,50000
7,901,4,201821
1,300,35,50000
1,300,7,50000
6,839,7,159925
7,1006,18,186039
7,1347,0,195505
1,300,6,81083
5,780,5,164956
6,657,30,67070
6,1232,11,195289
3,712,6,121127
7,1203,4,187643
1,300,13,50000
3,727,2,144688
4,1159,4,243178
2,405,5,86275
6,1046,14,138995
4,374,7,68525
4,923,10,176399
5,975,15,147366
2,452,46,50000
4,847,21,116652
4,949,7,165565
2,473,20,63730
2,580,44,50000
4,694,10,103784
2,470,7,67670
4,678,1,145414
4,814,33,66694
5,1020,4,190483
1,300,0,50000
4,665,11,130067
3,635,28,128259
6,1562,7,284373
7,746,22,107458
1,300,27,50000
1,300,9,50000
1,300,13,50000
5,589,11,101463
4,667,42,66640
5,828,19,90667
4,935,38,124494
5,300,3,85366
5,1180,5,174602
6,849,1,219126
3,759,10,111977
5,777,31,86937
6,1529,5,265899
2,328,2,50000
3,844,1,138472
5,707,8,90228
7,1061,2,170700
1,300,6,71630
2,392,25,50000
2,443,7,56930
6,1314,14,198781
2,366,10,50000
3,459,19,50000
5,806,2,162069
5,927,37,150466
7,1436,15,225363
1,300,4,50000
6,1376,1,260514
1,300,2,50000
2,333,22,52219
7,1156,13,211777
1,300,7,50000
3,385,6,64974
5,972,29,147135
2,556,31,67363
7,1270,13,228378
1,300,11,50000
6,1368,25,190141
3,667,20,141447
3,583,7,80391
1,300,1,56046
5,815,21,148883
1,300,2,50000
2,300,0,50000
1,300,27,50000
3,511,12,90383
7,1318,33,208281
1,300,9,50000
5,773,39,126729
7,957,6,196360
6,1513,19,288334
4,564,5,85653
1,300,0,50000
5,1064,7,171953
7,1278,20,254730
5,1633,2,250863
6,1323,10,214335
3,901,3,179230
5,902,1,154715
7,999,14,158794
5,1130,45,145154
5,770,5,153313
5,1408,13,222331
2,571,46,68523
2,300,15,50000
3,300,16,54650
1,384,2,60466
5,863,10,158533
6,1144,6,159433
1,422,9,60138
6,1405,24,243926
1,335,9,50000
3,433,0,96873
5,819,35,171169
5,834,11,161295
4,834,38,100827
6,1199,12,162866
1,300,1,58718
1,300,12,50000
2,533,12,89917
4,870,3,152092
7,904,9,163039
7,1388,9,268454
2,636,14,78382
2,592,4,111211
2,300,13,77441
6,1506,4,307130
6,895,8,213000
3,1064,1,156467
3,539,0,97589
2,300,5,50000
4,491,4,75491
1,340,7,50000
6,1498,49,254753
4,1175,11,181172
5,1149,12,232233
6,1071,42,179778
6,1064,38,172995
3,350,32,50000
1,300,1,54430
1,300,15,50000
7,1034,24,183499
7,881,27,196576
7,1313,12,235711
7,1160,0,232438
5,300,50,50000
5,1017,9,150517
6,768,7,149734
2,397,7,108941
3,651,8,82381
3,522,4,137698
7,2303,5,323644
6,1036,50,171953
4,506,6,52985
2,660,11,96264
6,1203,28,235431
2,716,11,130556
2,300,5,50000
2,322,11,63709
6,1519,1,248966
7,973,2,151831
3,546,17,74585
3,629,37,50000
7,1219,19,179768
2,495,1,84835
4,552,7,78468
1,300,0,53095
6,1213,10,182238
1,300,3,50000
7,1141,30,191075
4,905,1,199651
6,1241,0,256197
7,1949,8,303957
2,525,2,71374
3,822,20,150289
1,375,37,50000
5,1472,0,239672
5,1076,7,151357
4,883,50,116664
2,532,19,69108
1,451,45,50000
2,442,2,60355
1,300,3,50000
4,443,2,66973
4,880,5,139334
5,1003,19,172376
2,475,2,72406
6,1195,11,203654
5,543,4,143746
2,506,26,50000
5,1169,0,231466
6,1469,3,193652
3,420,13,50000
3,589,1,104035
3,497,9,119680
3,732,8,134657
7,1383,28,204006
1,300,14,50000
7,1305,15,213145
7,1080,45,140651
7,1444,50,228668
3,629,15,69933
6,1186,11,214202
4,300,14,50000
4,920,7,184187
1,300,50,50000
3,467,18,56334
3,778,5,129848
3,704,0,93094
5,863,0,172974
2,300,3,66787
5,1150,3,207167
2,509,8,79881
3,673,3,100955
3,543,14,115045
5,1348,3,208360
5,908,3,175934
2,307,9,50000
4,462,32,62762
2,300,9,56809
5,1100,8,181639
6,1449,12,234910
5,829,4,181383
6,1490,6,243475
1,300,3,50000
5,300,12,51750
1,300,17,50000
4,389,16,83598
2,367,4,50000
6,1538,22,240332
2,448,4,53926
1,300,2,64587
6,1457,6,215989
2,486,13,57538
5,1061,2,187722
3,451,15,79830
1,502,29,78965
2,486,5,86405
1,300,8,50000
7,1250,3,195292
1,300,6,50266
6,1295,0,215904
7,1234,46,138037
6,596,8,130820
3,430,23,55958
7,1557,2,285958
5,1272,25,193576
1,300,29,50000
2,300,18,50000
4,913,35,114164
1,300,2,50000
1,300,9,50000
3,675,14,120303
5,1501,13,200453
4,601,29,75340
7,1293,3,202576
7,1416,2,329414
7,1311,4,215837
6,1486,33,155556
6,1348,42,192018
2,505,12,65420
4,611,10,125682
7,1953,13,244952
6,1526,14,284491
2,300,2,52579
5,980,17,154022
2,462,9,91951
6,1440,10,228381
3,528,0,69140
3,605,21,76052
7,1989,27,253343
3,672,14,121816
7,1274,20,220592
7,1682,11,350868
6,1277,14,185525
3,643,7,80874
7,1545,23,302081
4,930,9,203845
5,773,17,135125
2,300,14,63385
2,672,18,109322
6,1315,23,193062
3,583,10,104323
3,300,25,67893
7,1750,10,302128
1,300,47,50000
7,1135,20,168531
5,889,2,216733
4,597,26,79997
2,368,12,50000
7,1460,50,307715
1,300,19,50000
1,300,1,50000
7,1849,7,270834
6,706,10,148170
2,432,27,56568
6,353,19,67073
4,481,6,74362
1,300,15,50000
1,300,12,56233
5,912,2,178982
4,720,4,120979
1,304,6,50000
4,536,3,109324
2,300,2,56300
3,404,0,50000
1,300,30,50000
5,1008,5,169031
2,366,5,50000
7,1743,3,179597
4,615,9,129126
7,1502,10,236030
6,1135,3,168367
2,345,14,55393
7,1333,19,196985
1,300,7,50000
4,1044,13,198753
3,822,10,143817
2,626,3,151392
1,300,19,50000
5,1056,24,163687
6,1374,15,271425
4,829,5,125880
2,400,39,75900
2,501,9,92912
3,1035,4,136173
3,560,7,84984
5,681,17,101745
6,709,28,112825
5,1170,6,203906
1,300,3,51547
1,300,14,50000
5,928,38,136875
6,1334,3,229687
5,592,24,117301
6,990,9,208120
6,817,24,137342
7,1829,10,277760
4,1180,7,192576
6,645,17,115062
3,754,34,78219
6,1568,5,316903
6,1379,9,224102
6,1062,3,233448
7,838,3,161396
7,1807,22,274673
1,300,3,50000
7,845,23,112654
3,644,8,104001
3,305,50,50000
7,1276,3,159998
5,1018,1,151632
4,1090,1,166268
7,1263,27,218126
6,1142,8,175678
2,300,0,58050
4,612,31,69624
4,675,31,119615
3,467,24,72925
4,741,4,108844
7,498,6,82222
6,841,20,148799
6,1120,10,181307
1,300,2,58320
6,1001,4,183891
6,1299,50,180085
3,480,2,83914
6,1234,19,182288
1,300,9,50000
2,481,20,72014
7,1203,16,228638
3,722,8,125548
2,300,6,50000
3,893,21,96034
5,1344,5,160492
4,548,23,68169
5,854,17,147145
6,1398,12,193658
2,300,6,61032
6,1551,3,237891
4,769,18,102925
3,688,1,80859
4,734,50,102138
1,300,50,50000
4,905,2,156407
1,368,1,78448
4,738,7,136334
7,1321,49,147996
1,300,7,50000
2,525,6,76233
6,1470,18,245562
6,562,2,115522
5,641,6,100877
6,465,5,107558
3,719,13,92551
7,1599,2,344006
4,621,11,131559
5,994,29,144398
3,712,10,122953
3,449,17,109424
1,365,1,50000
6,745,8,112617
2,612,1,104264
2,300,13,63101
5,1383,4,191933
7,1047,5,148161
2,300,1,60090
4,723,5,133461
2,321,10,50000
5,1154,13,173466
2,300,1,50000
4,797,15,101829
1,300,10,50000
7,1270,11,192349
5,1206,26,146454
1,300,6,50000
1,300,2,50000
1,300,12,50000
3,353,43,50000
7,1899,10,378914
6,1440,26,172619
7,1824,21,301065
3,670,10,135153
6,1356,15,197094
7,1310,7,231287
1,300,11,64123
5,700,10,64217
6,1765,18,307120
4,1220,7,240847
4,861,1,166089
2,300,23,50000
6,1270,17,235472
5,1015,44,144693
3,602,8,109296
1,300,1,50000
2,484,1,115173
4,944,22,156687
3,300,1,75897
3,688,35,54701
1,407,4,62793
6,1547,34,182770
4,920,22,100422
5,763,30,120802
3,724,3,155700
1,300,13,82364
5,1081,1,204940
6,1250,3,268347
4,1166,5,195678
6,984,20,117447
3,668,0,120745
5,476,35,92984
5,765,1,153399
5,1178,7,200737
3,441,1,69872
3,762,21,144897
6,1803,2,289124
2,300,32,50000
6,1365,11,245690
4,1089,44,116171
1,300,5,50000
5,854,9,140785
2,300,17,50000
1,311,26,50000
2,419,8,75229
7,1181,33,150402
6,1142,1,189029
3,454,18,65966
5,1449,6,207226
6,945,1,161932
1,300,7,50000
7,1460,31,257633
7,826,50,132624
7,1334,7,228934
1,331,32,50000
1,300,10,50000
1,300,18,50000
1,300,0,50000
7,1233,12,267696
7,1494,1,244914
2,357,4,73828
6,1346,12,217307
5,723,24,132824
3,586,12,83352
7,1255,41,135114
3,627,24,105536
6,1079,2,179656
6,1204,7,150503
3,386,16,64727
7,1187,41,155913
3,848,50,102550
2,539,21,101894
4,668,12,94059
7,1015,21,128584
7,1785,4,267803
5,803,5,183322
1,300,15,50000
4,505,30,55445
6,1435,50,217333
7,1799,6,297610
3,592,23,78413
4,300,28,50000
5,1334,14,224766
6,994,6,174215
1,300,14,56778
1,300,13,50000
5,1025,13,197257
5,951,14,184495
3,701,28,97433
7,2030,2,318711
1,300,6,50644
6,1079,13,195048
4,876,4,180787
6,1362,50,141783
2,300,4,50000
2,486,9,72446
5,994,31,168922
3,751,1,102144
2,672,25,75679
1,300,12,50000
6,1662,0,223482
6,884,34,134848
5,1191,0,190551
7,1083,10,223387
7,981,0,168205
4,905,1,195650
5,390,32,55449
4,936,21,152292
7,1932,3,370524
5,1112,14,200600
5,895,23,115857
5,721,33,117004
7,1641,9,287917
4,892,34,143412
4,549,10,107610
5,949,17,125100
2,380,50,50000
3,300,4,85976
7,865,2,177514
3,644,6,92600
3,631,2,135817
4,872,5,111572
4,517,20,65547
2,491,9,94008
3,622,7,135162
3,794,6,150769
5,1058,3,201631
4,753,8,134984
3,604,14,91062
6,1471,2,226096
2,367,50,50000
6,1100,8,211887
6,1253,44,175535
7,1131,2,236400
7,1265,21,221326
2,458,14,93869
6,905,25,123699
3,595,13,78478
4,1043,49,173479
2,300,14,50000
5,1050,23,161638
6,1555,31,202167
2,300,18,50000
1,300,11,50000
1,300,4,50000
7,1588,28,271861
4,841,9,103402
3,474,14,55161
4,908,1,122540
4,575,10,106425
4,852,17,144929
4,1162,13,150652
5,1241,8,181351
5,1016,3,165899
7,1482,5,265414
2,300,18,50000
1,379,3,50000
4,1118,14,216228
7,1343,13,217146
2,300,50,50000
1,300,0,62761
6,1238,1,222158
3,617,10,84038
5,1016,11,184743
6,1187,0,211243
1,300,26,50000
6,1497,10,225198
3,578,6,76061
7,1033,5,170794
1,300,29,50000
6,1177,3,152625
5,1101,2,160313
5,1163,3,218808
2,384,14,50000
6,1257,24,178529
4,906,6,158952
6,1345,2,188815
7,1385,3,288917
1,303,14,50000
1,324,4,50000
7,1159,31,190428
6,1503,1,297672
7,1875,0,260763
3,664,1,123308
7,1271,28,196019
5,1122,15,232741
7,1864,47,253710
1,300,6,50000
5,1369,3,274230
1,300,12,50000
2,465,11,67923
4,1086,13,167015
1,300,6,50000
5,1039,0,139501
2,328,0,51215
1,300,16,58743
3,563,11,63636
7,1070,25,145964
4,679,5,86283
1,300,25,50000
2,558,8,79387
3,512,1,114925
6,940,50,124297
2,430,10,50000
7,1317,14,237804
2,552,16,96310
3,526,6,91039
2,605,20,90199
3,663,30,108055
1,300,7,56749
3,518,16,60876
3,300,21,50000
4,679,3,94844
3,508,6,109424
3,300,1,62599
6,969,13,199264
1,300,24,50000
7,1281,14,201834
4,300,2,50000
6,1536,11,236548
5,922,27,132032
1,300,5,50000
1,300,26,50000
5,1105,23,180548
7,1352,0,250340
3,613,4,142516
6,1294,11,212104
2,423,18,50000
4,878,31,170068
2,300,15,62311
5,1344,7,234367
1,300,3,50000
7,1347,21,208525
1,300,3,50000
4,1124,17,181790
1,390,2,82012
1,327,1,50000
4,989,4,196327
6,996,5,165229
6,1559,15,280191
4,1066,2,198733
7,1509,39,240119
5,1329,12,224695
1,300,10,50000
7,906,8,175524
1,300,12,50000
5,853,0,112419
6,1224,50,185224
7,1280,12,173570
3,630,0,73022
3,597,13,62626
3,366,8,50000
6,1412,0,278243
6,999,38,176666
5,876,0,175134
1,300,12,50000
5,1356,48,213495
5,967,4,156506
6,1133,4,184605
3,984,0,128581
2,500,1,134597
1,300,0,50000
6,1463,25,261616
3,750,27,89307
7,1525,19,286298
2,374,6,55928
2,462,25,50000
6,872,11,138541
4,772,5,146003
1,300,8,64078
2,642,1,118856
6,653,43,119044
6,1371,14,192852
3,628,19,111072
7,1457,16,254343
4,1025,16,145979
1,300,0,50000
5,1044,11,157529
7,778,25,145188
7,1212,0,211666
3,767,46,124828
2,300,8,74581
2,577,5,75320
3,561,11,84540
6,1031,24,202177
2,393,9,76457
4,481,15,68135
1,300,10,50000
7,1309,14,203803
7,1394,2,292026
4,956,0,186295
2,379,2,50000
7,1488,5,243476
5,1334,4,275617
1,300,14,50000
1,428,9,63372
7,1436,0,260572
3,572,0,102500
7,1443,1,236774
3,660,6,140858
7,1116,0,179283
5,1285,10,210491
6,1066,6,190820
1,300,12,58768
7,959,19,151510
5,525,4,79214
3,526,2,74027
3,649,4,96451
1,394,0,50000
4,662,1,115841
7,2167,20,337132
2,387,3,73857
3,678,50,76651
6,1716,2,214467
6,1480,23,257968
3,634,18,84460
4,578,5,93411
4,842,6,148103
5,1236,12,170927
6,1606,28,253478
5,808,7,129808
6,1287,0,263596
7,1115,7,205072
7,1108,3,192074
2,565,42,50000
7,1398,17,265531
2,341,0,75842
7,1734,5,324054
1,300,0,64246
7,1362,26,225233
5,795,35,59695
3,742,1,128626
5,1087,8,182302
3,1028,40,130317
4,820,2,125151
5,359,5,87451
4,300,5,61497
2,460,0,89856
2,434,0,69086
1,300,45,50000
7,2227,12,319287
5,1497,5,204155
4,793,7,153098
3,524,18,93790
2,406,6,93112
7,2160,3,410634
2,514,1,77821
3,581,19,91441
7,1641,2,317139
7,1380,1,201937
4,769,8,132486
4,683,0,136574
5,1129,50,132124
5,1115,14,168781
6,1138,2,227354
6,1259,2,164171
1,395,12,61899
2,300,6,50000
5,1243,22,257349
4,1134,11,165774
3,619,8,112046
4,492,49,74964
2,332,7,50000
6,578,7,85169
4,348,16,77747
1,300,24,50000
2,300,14,50000
6,611,17,93655
3,644,7,109080
6,947,9,203030
7,1465,3,231987
1,300,17,55314
2,480,3,54753
3,530,0,83709
1,300,40,50000
6,707,5,158819
1,300,3,50000
2,332,4,50000
5,1093,6,185334
1,343,9,50000
7,1799,1,245513
1,309,0,50000
6,1141,5,191311
6,1021,5,203669
3,514,1,69496
6,1705,7,284492
4,1115,5,155066
2,382,0,79225
2,403,32,50000
5,632,32,67379
5,920,3,201424
2,300,2,50000
7,1834,11,341641
5,691,14,128872
3,609,47,55393
6,1212,7,172304
2,331,14,95610
5,1442,31,169029
2,559,8,79982
4,618,1,102123
1,300,7,50000
6,703,2,139086
2,463,0,81309
1,385,20,79388
5,916,4,121681
1,300,0,50000
6,612,30,91894
2,300,8,50000
4,860,4,106111
7,1303,4,236294
5,1295,4,249963
2,365,3,66756
6,662,27,99885
5,1278,2,208926
3,490,12,89649
1,300,1,55413
7,1638,44,211201
6,669,13,110604
3,743,35,94310
2,360,7,66149
4,792,24,104553
5,997,28,146673
1,403,18,50000
5,1370,1,256603
7,674,0,127852
2,676,2,107193
5,868,1,176215
1,300,19,50000
2,412,12,81070
5,860,11,114785
4,825,4,141514
6,1129,2,213423
2,674,3,102496
6,1180,7,209257
2,300,20,61781
4,693,4,100920
6,896,17,167854
3,991,10,111597
1,300,32,50000
3,689,3,119835
5,1242,8,198844
4,805,1,120039
3,824,6,153418
2,537,10,120911
5,1152,19,181923
5,1066,3,197645
3,1025,3,189905
3,423,14,75359
4,838,7,149903
1,300,9,50000
3,629,27,106969
7,1057,10,160519
3,321,15,59124
6,1314,16,149237
2,301,24,50000
7,2079,15,318359
7,1290,1,213193
6,1063,6,137803
6,1486,50,280428
5,1139,3,227863
1,300,13,50000
2,325,27,50000
4,1460,13,312001
7,1485,6,228783
4,950,1,126119
3,466,6,73698
3,497,3,123082
4,1293,48,207624
3,849,18,172298
1,300,20,50000
6,989,8,142198
3,547,1,90038
5,826,4,150348
3,339,4,50000
2,622,10,95641
1,313,9,82623
2,309,8,72959
2,400,10,59006
5,1059,50,123147
1,302,5,50000
1,300,14,50000
1,489,4,91114
1,300,9,50000
1,300,3,50000
5,1148,12,158285
3,582,4,98467
2,300,0,50784
1,300,25,50000
7,1059,2,158940
3,437,6,84381
3,922,9,147747
2,503,8,83364
5,709,19,102081
4,854,13,121574
4,934,5,142997
3,572,0,79430
6,1366,21,272336
6,1203,6,189327
2,386,33,50000
4,1002,7,128464
3,566,18,111287
5,714,42,111776
4,680,15,101161
3,604,8,73560
3,529,12,120789
1,332,11,50000
5,916,13,160169
1,300,2,50000
2,544,17,57847
1,300,2,67812
7,821,0,165367
1,300,14,50091
7,1279,1,192817
4,974,22,127628
6,1414,30,251068
3,707,43,103456
7,1237,16,203265
5,1104,9,115337
1,300,6,50000
7,1634,10,241260
5,1359,3,159993
6,1027,6,147690
6,1456,18,279917
1,300,3,93314
2,460,4,73355
1,300,20,50000
4,978,2,158594
7,1273,4,249466
3,543,0,97055
2,605,19,94081
1,300,14,50000
5,827,17,164685
2,300,3,50000
7,1238,17,161538
2,400,13,50000
7,1219,6,229065
1,300,8,57529
7,769,12,153552
2,300,10,61105
5,1206,15,246686
6,1421,2,257265
2,406,11,50000
7,1435,8,229043
6,1201,9,185738
7,1263,9,212074
5,1012,31,140591
7,1757,25,251272
1,300,14,60305
3,622,18,88406
2,300,0,62108
3,820,20,127606
7,749,9,132871
5,691,5,113558
2,475,2,69489
7,2153,1,384594
6,1112,0,217699
4,535,2,63462
7,1725,0,337009
3,634,19,112457
2,627,4,73758
3,417,6,67174
2,406,25,75013
7,938,1,128667
1,300,27,50000
6,1334,15,185499
7,1559,6,272231
3,870,1,132078
4,396,1,92773
4,738,6,113158
5,1298,2,224105
2,459,4,100578
3,418,0,79807
5,1153,13,192688
3,519,2,111234
2,300,21,50000
7,1035,3,158433
7,1415,23,154756
4,927,3,144563
7,579,19,90022
7,1008,6,171369
1,300,13,54361
4,491,0,65082
5,971,10,169159
6,1429,2,257447
1,300,9,50000
5,1216,2,235636
2,492,8,76916
1,362,1,52498
5,1199,3,187510
2,300,13,50000
4,1130,50,141622
6,940,8,145351
2,361,17,50000
7,969,11,161230
3,633,10,108010
2,329,1,69179
2,456,2,51682
6,1342,32,206577
3,464,7,84376
7,2249,14,437998
5,794,11,174621
5,761,7,126849
2,353,7,50000
3,383,12,61576
3,456,2,75632
7,780,7,156070
6,1002,8,173871
4,815,50,92329
5,1046,6,169108
6,1368,15,187314
1,300,2,50000
5,894,1,146758
6,840,30,134291
5,915,19,153252
4,1053,5,193320
1,300,10,50000
4,763,2,117711
7,994,18,197118
1,300,1,50000
2,300,21,50000
6,1117,11,154794
1,370,4,50000
7,1751,29,279299
7,1329,50,189013
4,526,4,91864
5,1350,24,261739
1,335,20,66031
6,1069,20,175934
1,300,47,50000
3,300,10,55438
5,1206,16,242145
6,1548,26,259101
6,855,9,124222
2,320,9,64561
4,575,5,122767
2,300,22,50000
6,1202,17,160195
5,672,8,123235
1,300,8,50000
1,300,1,50000
5,782,0,158227
6,1551,11,232797
7,1541,8,262951
1,300,23,50000
7,1782,11,255434
1,300,41,50000
1,314,3,50000
4,671,50,113256
4,1267,5,186087
3,438,15,87583
2,432,10,50000
5,1069,6,179156
5,932,2,166576
5,873,2,187238
3,487,18,50000
4,1147,7,206925
6,868,48,107188
7,1497,5,296916
7,1788,50,257702
6,1576,3,275334
3,559,1,88179
6,1015,5,158268
5,840,32,95132
2,300,11,63151
1,300,2,50000
7,1573,3,208983
4,1006,5,121743
4,723,13,70010
3,706,6,131924
4,1168,20,169107
5,1203,14,199780
7,465,31,86052
6,1013,10,158785
5,1211,6,215769
3,475,50,50000
5,1010,6,162865
6,1235,8,195044
2,421,24,56170
3,400,1,63594
2,540,7,85440
1,302,1,62573
2,316,2,52050
1,300,0,50000
1,300,0,50000
2,443,7,63820
3,570,24,54089
6,1246,13,199287
5,900,15,163946
5,460,10,97916
6,1265,25,146065
7,1609,31,237293
7,1060,28,177546
1,300,25,50000
1,300,3,50000
3,767,13,123739
4,1162,13,157143
2,337,11,58407
1,300,9,50069
5,724,1,134682
3,651,1,104037
2,300,34,61127
3,300,14,64711
2,300,4,74917
2,347,4,60136
6,1018,14,187281
1,300,7,50000
3,532,8,88228
3,702,0,140106
6,1253,2,181465
5,1003,7,155668
5,969,18,73437
7,1265,0,229905
1,300,6,77862
1,300,17,53871
4,999,23,183406
6,1424,3,262286
5,522,19,95517
2,300,46,50000
3,713,35,100207
1,300,23,50000
3,680,18,100007
3,608,4,105979
4,925,15,157430
5,1120,15,157221
1,300,7,50000
3,735,10,93067
1,300,17,50000
2,618,45,61023
4,602,5,122733
2,300,4,56280
1,300,13,50000
7,1504,2,274867
1,300,13,50000
5,1465,1,304207
3,661,10,112407
3,493,14,105543
2,300,1,50000
4,684,3,128683
7,1819,6,287378
6,1582,6,251402
3,607,16,64921
5,633,11,123238
2,300,7,50000
2,678,8,106094
6,946,0,168759
5,1208,22,181013
4,797,0,152125
5,1331,26,233878
4,1139,11,203348
5,979,11,146581
5,1117,18,132761
1,450,29,76232
2,392,42,60374
5,869,11,150443
6,1419,2,280861
5,1073,31,133948
3,637,0,110366
2,300,24,57901
3,558,17,71681
2,372,35,50000
3,582,34,73828
5,711,0,122992
5,1302,14,215651
1,341,1,50000
6,1402,1,253193
3,733,8,121769
4,771,1,143073
1,300,19,50000
3,501,50,75464
3,719,12,99871
1,300,4,56296
5,1094,27,193789
3,517,28,50000
5,952,19,170418
1,300,14,50000
5,764,30,114101
2,421,2,92075
4,1157,40,141071
7,1390,44,211114
3,753,30,79607
6,1150,4,217715
4,844,29,95244
7,1743,10,296710
5,851,13,148928
3,458,27,50000
5,1146,0,208224
2,335,6,73912
1,300,25,50000
3,646,25,103798
7,1464,28,271882
7,860,2,172779
2,434,18,67182
2,543,2,105727
3,726,23,127340
5,1700,4,272441
6,1918,20,350639
7,1474,9,271035
7,1164,50,159287
2,375,13,67489
4,729,15,157341
2,470,6,50000
6,1093,19,135633
5,806,10,135085
5,1185,0,187651
4,696,14,84140
7,1481,26,249581
2,506,4,100476
5,993,3,145858
6,1602,14,252389
3,830,25,136179
1,300,4,50000
1,300,40,50000
1,300,39,50000
7,1362,3,214858
2,470,4,89232
4,899,18,146146
5,1090,45,132704
3,443,18,50000
6,811,8,141563
3,767,2,130655
6,1290,9,181661
7,607,14,113492
2,300,6,56982
1,300,10,50000
2,486,2,72480
7,836,9,169994
4,790,1,128716
4,889,0,119306
7,1335,29,194128
6,1337,3,289551
5,882,12,99469
5,1237,2,212028
6,974,4,160922
4,710,6,108715
4,605,2,125437
4,446,0,78866
2,300,31,50000
4,1127,0,174004
3,495,0,77867
1,300,24,50000
4,823,4,153211
6,960,19,130216
1,300,2,50000
2,423,4,81929
6,1397,12,255011
1,326,50,50000
6,923,1,157950
2,300,7,50000
3,698,0,140669
2,300,3,74240
2,310,35,54944
6,1474,1,213695
7,2232,29,323707
5,468,2,101672
4,546,29,77765
4,1161,11,191948
3,309,31,52204
3,1069,2,177980
4,748,21,166723
5,877,17,83451
4,655,11,62392
7,1170,24,170570
5,1427,15,234492
3,528,31,68412
1,300,7,50000
6,1184,13,170134
7,1052,30,123128
7,1650,3,232991
3,497,9,89964
3,695,48,54092
2,462,9,56307
7,676,4,126230
2,454,6,50000
2,327,32,50000
6,1139,46,180169
2,461,44,61237
5,604,18,90203
4,1029,10,122432
1,300,3,50000
3,515,1,83497
5,1540,0,263353
1,300,0,50000
7,1231,31,211725
7,973,24,156831
7,1748,12,257312
5,936,50,145135
5,1301,45,152033
3,504,15,50000
4,969,9,142136
2,324,2,70356
7,1036,10,205383
6,922,2,168108
4,706,7,81309
6,1121,42,116204
3,1101,6,212244
3,1078,2,183694
3,657,13,104723
1,300,13,50000
6,1225,3,180117
4,384,3,78933
4,661,50,72176
5,1203,4,193007
5,1482,27,209207
7,1811,9,291905
5,655,8,76571
3,533,5,70222
4,548,22,73732
6,1491,31,245961
3,460,4,119882
1,300,1,66475
5,1254,2,157740
3,930,23,101320
3,600,8,86229
1,300,2,84004
2,300,6,50000
4,1114,10,191689
6,1168,28,196699
7,1917,15,351059
2,484,2,90239
5,789,2,121613
3,529,7,89636
1,300,1,58927
1,300,21,50000
4,820,7,106287
2,522,6,72908
7,596,10,157350
4,986,18,214951
3,614,12,123286
4,1170,24,195861
6,870,14,114748
1,300,23,61965
1,300,17,50000
5,1178,3,210797
5,947,0,205295
7,1916,35,231290
3,458,43,80787
6,733,19,93764
2,474,19,59991
4,967,4,192263
7,1671,11,284865
3,722,50,91002
5,1225,29,156521
4,917,5,133856
5,776,5,98613
4,577,9,122182
2,499,7,81740
3,413,6,91855
4,936,14,158375
6,1067,0,154572
7,1743,21,292586
1,300,20,50243
6,1126,26,149342
6,1727,27,284268
7,1120,12,165905
1,300,22,50000
6,1262,10,227714
4,1001,45,118201
4,1331,3,244989
4,691,37,79922
1,300,4,50000
6,1019,1,186921
1,300,8,50000
4,871,14,156232
7,1373,3,164675
6,1657,12,286677
6,1809,24,167472
5,1224,4,230948
5,1730,13,345210
2,541,6,67785
3,775,11,122837
5,1011,16,180356
1,380,6,53625
5,1005,50,101875
2,455,12,50000
6,756,26,124371
2,309,19,50000
6,1436,28,243676
7,1479,2,265163
7,912,3,163889
6,1293,10,181411
3,546,28,84552
5,991,3,150351
1,300,50,50000
1,300,2,59217
4,773,2,183715
6,1523,2,218388
1,300,13,50000
3,742,37,105144
6,1404,4,258238
3,755,12,80943
1,322,2,50000
1,300,14,50000
4,479,1,60300
1,300,10,50000
6,1295,15,179591
7,613,12,110108
6,1224,2,170985
6,1400,2,224002
4,637,16,66631
4,1217,24,194181
1,300,35,50000
2,300,25,50000
2,300,50,50000
4,997,7,125740
1,300,6,55690
2,554,0,98288
1,324,8,50000
1,366,15,66908
1,300,25,50000
5,1172,4,204750
6,1363,10,170021
1,300,16,50000
5,749,12,104820
4,851,4,99561
2,300,23,50000
6,1239,2,277851
7,1093,35,215673
2,518,45,50000
6,1249,6,227835
7,671,7,145085
2,603,20,128024
6,1254,9,221739
2,568,0,100618
2,300,37,50000
7,1172,8,163070
2,300,3,75641
2,394,12,50000
7,1116,3,217002
4,842,3,134466
1,372,11,50000
3,624,7,79733
5,1070,12,171610
3,387,50,50000
3,501,29,50000
6,1220,0,226716
1,300,0,50000
6,1545,14,245978
1,350,14,50000
7,2266,31,410942
7,1175,14,174429
1,300,3,50000
2,300,9,76763
4,425,24,98256
2,438,38,50000
4,931,4,185578
6,966,11,102792
4,610,2,102249
6,1052,10,148546
7,1082,1,212118
3,415,42,50000
7,1122,15,211354
7,1202,28,133039
3,617,50,66000
4,775,3,173711
4,300,17,50101
6,1178,32,162078
2,413,12,68236
6,903,15,156169
2,300,7,50000
7,1545,16,266080
3,541,7,97058
7,1004,9,198561
1,300,1,50000
4,691,0,88894
2,411,0,63128
6,1214,3,176751
3,823,9,137594
2,300,0,51956
6,381,2,72169
4,645,22,69040
7,1254,21,248857
4,992,23,175967
5,1025,38,129687
1,300,1,50000
5,1725,2,285081
3,589,6,167097
2,585,37,73186
3,300,22,60753
7,977,5,172492
6,1512,1,252096
4,852,14,140034
5,864,4,174681
5,578,11,82636
7,1151,42,152717
5,915,12,214599
7,1572,38,277199
3,521,7,83103
4,887,15,153614
2,343,33,50000
6,1112,13,209400
2,519,14,75185
3,741,18,116647
6,1130,32,141474
5,894,1,170615
1,300,6,50000
3,704,7,105992
3,855,36,116107
4,931,46,160677
2,383,1,100297
3,551,1,99354
3,375,40,61611
5,972,5,175129
5,828,4,151053
6,1244,0,224938
7,565,4,133292
7,1628,17,212591
1,446,8,74568
7,1839,10,351836
4,1088,37,117231
1,300,1,59940
6,1621,1,350355
5,860,28,131378
7,673,22,169912
2,322,4,54737
5,836,5,133396
4,687,5,119643
5,1260,15,176113
4,631,0,103973
4,376,10,80765
4,1058,2,166551
6,1263,25,240083
4,449,7,88521
4,412,11,75027
2,300,0,50000
1,300,0,59095
3,715,16,118979
1,345,21,50000
4,691,18,145991
2,504,20,60217
5,524,1,103032
2,300,17,71988
4,798,3,126586
2,300,1,54629
7,1680,21,305683
2,432,33,50000
4,500,18,71960
6,1460,24,176834
7,1527,50,203342
2,300,2,50000
3,748,50,89525
3,300,13,50000
2,425,25,67584
6,817,15,106744
5,806,12,150810
4,1051,18,181328
3,604,5,77489
5,1264,38,203177
2,300,1,50469
5,1067,5,146138
7,1237,0,248372
1,300,4,50000
3,544,3,108466
2,404,0,53657
4,1048,10,177200
6,1702,9,265300
7,1255,1,205824
2,537,4,64197
4,878,45,146893
6,1286,1,225989
6,1163,5,172841
2,300,0,50000
7,361,2,62550
5,1183,18,209562
5,985,6,191150
6,1015,9,153993
5,1194,2,177980
1,463,17,66154
6,1464,20,208268
6,1035,2,177672
4,520,0,114317
5,300,1,60866
7,1353,16,187555
6,1272,2,233386
7,1392,10,184805
1,300,2,65319
4,503,2,72891
2,456,0,57711
7,1493,5,255782
6,1084,1,219585
1,300,7,57217
3,362,13,58347
1,300,6,50000
1,300,18,50000
4,1154,20,185604
2,300,17,50000
3,458,41,68246
5,1442,4,236092
5,1172,3,184009
7,1231,14,208644
1,301,13,52036
4,741,10,135344
4,841,0,154541
5,819,12,122972
7,1430,40,242595
7,991,6,188867
7,1441,50,163241
3,815,6,116602
2,374,2,81707
3,713,7,148637
6,1209,10,177428
6,1050,14,209279
2,320,10,50000
5,619,11,127114
2,428,0,81571
4,850,4,157483
6,1543,5,300140
1,300,50,50000
1,300,5,67382
5,1212,34,230346
4,573,5,99419
3,791,1,152350
4,731,4,142211
1,300,4,50000
1,300,50,50000
6,1448,16,201980
4,604,40,82925
4,635,27,83528
1,319,12,50000
3,647,16,103032
5,1132,14,181110
7,1475,16,293142
5,1164,4,229628
4,690,7,118814
5,1071,13,200705
1,300,0,62330
1,300,9,50000
4,697,29,108777
4,841,10,157875
7,1600,12,281230
7,859,3,149701
6,1210,23,216899
4,859,6,165899
3,460,47,50000
5,1064,50,94726
4,678,37,87350
2,584,1,94089
6,1416,6,269708
2,651,43,78757
1,480,24,50000
7,1377,36,258437
5,979,12,229202
4,534,9,94096
2,311,1,102135
5,1069,27,170345
1,300,20,50000
7,1200,0,212461
3,703,3,143054
6,991,12,162266
5,946,17,96160
5,1245,2,228713
3,553,4,88174
5,487,3,92645
1,300,3,50000
1,329,38,55238
3,737,18,114623
6,1583,20,204554
4,675,23,108218
2,425,6,71009
4,1071,21,206724
5,1303,50,191788
2,300,17,50328
3,656,8,120443
3,300,18,50000
6,1349,34,228549
2,423,2,58897
1,300,4,66363
2,372,37,58039
5,1097,43,102686
1,300,9,50000
7,1363,7,204958
7,1461,4,240451
7,1243,10,200564
3,487,40,50000
2,389,2,50000
7,1138,8,161268
4,599,36,101435
6,1606,6,240619
4,813,21,103992
7,1394,7,308993
6,1067,24,130738
5,500,50,53959
4,919,7,149217
2,300,27,50000
2,674,50,73003
4,902,50,112378
7,654,8,117268
2,500,9,50000
5,1044,5,170944
1,300,5,57064
7,1930,10,293400
5,1133,3,197103
6,1580,18,288382
5,975,11,187932
7,1210,34,185848
6,1295,24,211889
7,1976,5,295715
2,639,10,117924
1,321,20,50000
7,1411,3,252043
7,1477,0,313412
2,615,28,84831
3,697,2,89854
2,371,33,50000
6,1148,36,175567
2,617,9,114698
2,300,24,50000
1,300,6,50000
2,300,29,50000
7,1240,26,217006
1,300,1,50000
4,1000,13,139171
3,518,15,71583
1,300,0,50000
6,1466,50,219184
4,554,7,138520
1,300,10,50000
1,431,3,50000
3,626,14,83624
7,1041,24,175570
6,1504,13,267798
5,566,23,112163
5,999,19,175952
1,300,4,50000
2,465,8,68819
6,740,2,145093
4,1092,0,202570
2,300,0,57392
2,300,42,50000
6,2046,50,342230
7,1496,1,247332
1,360,6,67604
1,329,1,52171
1,300,26,50000
1,300,10,72058
5,941,14,91778
1,300,11,52731
5,617,18,82469
5,577,5,102602
7,1424,2,259673
1,300,0,50000
3,553,8,112561
4,686,35,97479
2,300,5,51537
5,300,3,62758
6,1164,39,219300
6,740,1,112041
4,903,0,162694
6,1217,31,251111
3,461,18,71378
6,1274,8,183126
2,387,20,50000
2,439,20,50246
5,1096,0,210485
1,300,16,50000
7,1056,15,183518
3,512,49,50000
5,961,50,119778
3,405,7,90397
1,300,13,50000
6,1510,2,246701
6,608,1,117184
7,1920,8,261335
1,323,17,56891
5,638,12,123623
7,2364,8,413137
1,300,25,50000
4,537,23,114544
2,388,19,58325
7,1155,1,192277
7,1552,23,215311
5,799,37,154252
3,847,0,186133
4,970,7,140672
5,1061,50,131630
1,300,13,50000
1,351,10,50000
1,383,2,77585
1,300,12,57045
3,660,8,110939
4,1122,2,179256
6,1595,9,241480
2,535,2,73589
3,300,19,50000
3,540,50,50000
6,889,9,160421
6,617,15,102510
2,533,8,104203
2,466,2,66749
6,1939,50,264938
1,300,2,50000
3,594,1,109744
5,526,9,98892
2,341,16,50000
2,300,6,54596
6,1062,3,180161
4,723,25,124142
5,1258,6,189447
5,1323,3,280355
2,300,6,50000
1,341,3,64070
4,1063,10,172908
5,1462,16,203919
2,375,24,50000
5,1170,3,176336
7,1357,2,213468
4,508,0,94627
4,939,3,168058
7,1444,0,214009
3,573,6,80088
7,1276,2,175132
6,1035,13,196366
6,1084,7,213491
2,583,1,66076
4,1007,7,217055
3,755,3,103905
3,336,17,68544
5,1092,6,197224
5,920,2,161027
7,1097,6,189450
3,300,3,70163
7,2087,23,356884
7,1370,50,233259
5,923,0,152486
4,892,17,123421
7,1325,4,201953
1,308,1,50000
4,607,0,93726
3,425,31,61113
3,417,6,68214
7,1096,50,149848
4,1064,8,136622
5,1349,3,224293
5,828,22,142061
6,314,39,50000
3,584,25,54673
2,355,20,64129
6,1008,6,171762
5,1164,0,243681
4,845,3,121777
5,657,8,77273
4,440,46,50000
6,951,19,192073
3,512,26,88567
5,1016,4,198556
7,1726,17,298614
4,623,29,129752
3,513,9,55603
2,529,8,98491
4,788,19,94441
6,1342,12,233180
2,322,50,50000
2,360,8,60344
1,300,2,50000
5,916,9,135509
4,1155,4,176474
2,386,12,65292
1,300,2,61715
6,1356,44,187330
3,652,29,103647
7,2041,2,378694
7,1395,2,236419
4,636,10,74544
2,503,22,77943
7,1123,3,175371
5,480,0,81819
7,1095,11,249266
7,1301,17,156951
7,1820,4,335833
1,300,20,51172
2,300,45,50000
5,798,2,189344
2,346,10,50000
4,1177,0,208974
4,735,3,118796
4,811,1,95996
6,1226,7,203416
7,945,25,190152
6,1198,12,115463
1,300,3,55645
4,976,0,199314
5,445,12,63540
2,612,2,130608
7,1462,6,266475
3,355,10,55238
5,745,35,109166
7,1401,1,219083
6,870,16,123417
6,1035,0,187031
5,964,14,154995
6,1473,12,257374
4,1039,25,139774
1,300,11,50000
2,337,6,50000
1,300,4,80589
7,609,1,137346
2,300,11,50000
2,543,32,75295
1,300,10,50000
5,1035,20,153632
2,300,5,69182
1,333,8,50000
2,327,5,52220
3,521,1,94803
5,774,8,148812
4,514,21,94169
2,345,7,50000
3,832,15,150573
4,569,21,61671
4,865,5,181954
7,1830,23,325059
2,653,6,130202
1,300,4,50000
2,395,3,62718
3,506,3,88713
4,1041,20,158833
2,300,32,50000
1,300,3,50000
7,1248,1,196492
2,416,5,61817
5,1332,16,241049
7,1435,6,204855
1,350,11,50000
3,727,20,113883
4,1047,7,130220
2,396,50,50000
1,300,5,50000
7,1500,50,284807
5,567,3,98914
1,300,1,50000
6,1362,20,187272
5,1289,18,242661
7,1194,25,214276
3,650,6,114774
4,927,40,97129
7,1725,1,275992
3,784,0,156971
2,397,5,82718
1,300,23,50000
6,2009,16,277823
5,1288,8,208857
5,1328,4,271657
1,300,0,50000
6,1424,6,183883
1,300,9,55890
2,402,17,50000
3,550,15,72931
7,1352,44,176868
5,1218,1,255968
2,470,6,76130
3,999,9,132300
2,348,16,50000
6,1334,10,278270
5,1288,36,124315
7,1401,14,211242
1,300,0,50000
1,300,1,51375
3,679,21,72801
7,1679,18,310001
4,757,2,141604
6,1830,0,331535
3,391,12,61820
4,1053,15,178492
2,469,2,71979
6,1274,9,229218
2,432,5,50000
7,1281,40,268128
5,891,3,125193
6,558,19,100013
4,652,10,84233
5,719,0,150965
1,327,10,50000
4,535,1,125571
3,376,16,72983
1,300,12,50000
1,300,0,50000
3,807,3,139085
6,1294,22,245529
1,300,4,69291
7,1675,10,291487
4,998,5,221980
5,938,38,166339
1,300,11,50000
4,527,17,62826
2,374,1,50000
4,980,0,182064
5,798,4,98768
4,1008,5,169168
3,612,17,78186
5,1375,12,167450
6,1249,7,265553
2,300,15,50000
3,769,2,149189
6,563,0,88553
4,769,28,96895
5,733,12,107685
2,300,15,60146
3,783,5,119687
6,1554,6,284295
6,1631,1,229344
2,498,29,50000
7,899,13,154102
4,873,1,145237
2,300,24,50000
6,754,8,145810
1,300,21,50000
3,512,0,75888
2,468,0,104135
7,2125,2,318682
6,1207,3,204236
4,847,21,117186
6,1271,18,202223
4,1219,14,193688
2,300,32,50000
4,1320,4,242745
5,965,35,142289
5,820,36,116648
5,1279,8,220448
7,957,1,177331
7,1527,19,236593
1,300,6,63894
7,1370,23,241719
2,637,2,101323
6,1311,11,219686
6,1549,10,246619
1,300,1,67216
7,2099,6,315695
4,864,1,149710
1,300,9,50000
4,1067,27,162616
4,442,4,82539
3,362,21,50000
6,1185,3,189454
5,614,16,94614
7,1378,37,196053
4,874,5,202403
3,411,34,68680
6,1250,10,221090
5,751,5,138611
4,768,34,76318
4,618,0,123476
1,300,0,51659
1,300,13,60740
6,1454,23,216130
5,960,20,143166
4,608,1,106667
6,1244,45,164746
6,1240,18,180309
2,570,44,50000
7,1240,5,275747
1,300,17,50000
5,518,29,104288
4,724,7,118650
6,787,50,92984
4,906,4,178330
2,368,5,90976
5,938,37,151436
6,707,50,93413
4,922,5,143386
1,318,2,50000
7,1612,21,225200
2,414,39,50000
5,1335,13,202323
2,513,15,72235
1,323,21,58538
5,1044,2,190876
2,302,50,50000
3,341,6,54213
1,300,14,68511
1,306,9,56251
1,300,9,50000
3,594,18,113492
3,669,50,50000
4,1026,16,152649
6,1350,23,220510
7,1439,0,235861
2,477,24,59107
4,839,5,169049
2,300,2,79724
7,1503,1,216634
6,1310,17,263112
3,600,50,93512
6,1481,16,174937
3,703,4,136144
7,1779,3,276026
6,961,11,162860
4,662,1,106271
5,1421,7,206493
4,405,16,80388
2,346,50,50000
4,1024,8,181752
7,638,3,145692
1,300,25,50000
2,421,20,64346
6,783,29,193287
2,623,3,96623
5,810,7,129997
3,788,50,101276
6,1149,2,162733
2,387,16,63527
6,867,4,126236
6,1666,10,281524
6,1167,24,197022
3,874,10,163098
7,920,24,104699
4,772,8,139945
6,1227,50,160719
1,300,8,52292
7,1531,2,241739
5,936,7,169436
3,954,20,160126
2,343,28,54362
3,300,9,57902
2,654,13,86786
3,830,27,108232
2,303,25,64429
6,812,16,137070
4,668,25,52452
2,440,12,60975
2,546,0,93172
1,385,0,60059
2,636,50,50000
1,300,2,52054
5,800,7,112934
6,1280,40,124617
1,300,3,56944
4,1170,27,153735
7,624,25,141288
6,499,50,50000
1,300,4,54036
6,1390,5,190809
6,956,34,154457
6,1274,4,238491
5,1210,11,126296
4,679,18,122889
3,649,4,115153
3,846,41,86976
1,421,16,50000
6,1547,0,304834
1,341,2,78120
5,603,3,125555
5,843,4,166007
2,438,19,71704
5,536,1,114234
2,433,6,57367
4,998,36,170937
1,300,12,73062
7,1448,4,255319
4,1045,47,138112
5,786,4,134094
4,965,35,155789
4,666,19,98808
4,1082,20,183674
5,1048,21,158490
7,2220,10,407723
6,1093,25,195127
4,553,27,50000
2,316,6,89867
5,567,7,63806
4,898,32,114830
7,1845,11,283353
6,1533,30,239453
5,809,14,153285
3,442,13,79782
6,1353,0,238342
2,300,4,51006
4,460,10,76656
7,1423,13,228346
3,300,14,78064
7,1089,18,180988
3,1076,16,104598
5,819,28,140615
3,415,5,73487
2,428,15,68302
2,450,0,76414
1,300,9,50000
2,300,4,61224
6,1361,7,170732
3,345,6,50000
2,593,0,128438
5,803,9,167402
7,1646,50,287127
7,1768,5,283176
1,328,19,50000
7,1754,11,294789
3,300,5,60136
1,300,1,50000
3,754,3,163131
5,1177,22,181536
1,300,4,50000
4,897,2,183009
6,1101,6,169126
6,2065,13,333829
3,605,18,117021
7,861,7,173833
4,469,10,50000
1,300,9,96914
4,878,0,140786
4,806,7,145066
7,1681,13,254064
1,300,12,52534
5,788,20,92907
7,1435,16,192217
4,380,4,71156
4,549,4,103302
5,1312,9,243687
4,543,19,95993
4,1235,1,217793
4,924,44,114404
6,1027,11,164952
7,1145,5,186251
2,506,17,98963
7,1047,0,175170
5,884,9,142832
4,703,9,128507
7,464,2,133968
6,818,27,121611
5,985,23,170389
3,775,2,98366
7,920,6,172535
3,503,1,86522
4,452,28,85786
6,1655,5,289798
6,1250,8,209687
7,1373,5,233230
5,1151,5,181032
5,1150,20,182428
6,1164,20,108763
5,1338,10,241684
6,1273,16,213440
7,1115,10,219991
2,401,0,53560
6,1208,1,253702
3,557,7,93653
5,1182,20,180106
6,901,36,140500
6,904,0,179153
7,1699,6,352484
5,922,3,151201
2,503,25,83816
7,1632,28,305455
2,300,3,50000
7,1489,18,255435
5,1435,19,232947
1,300,2,76922
5,1235,8,181667
5,779,14,155326
2,300,0,56556
2,378,7,51069
5,1071,2,171131
5,1679,11,205439
5,1322,27,280375
2,300,11,61777
5,897,0,182456
5,1129,0,176998
4,860,13,158661
1,300,5,50000
3,325,12,60332
1,391,2,58529
4,609,22,81646
3,686,29,93006
7,1427,33,216917
5,1124,5,247646
4,1451,16,228962
7,814,4,141010
5,1236,21,202750
2,547,1,106057
6,666,21,131971
4,1138,8,248128
2,450,29,53152
4,972,20,149125
4,396,7,50000
2,570,35,58159
3,512,4,104369
1,360,50,50000
5,1363,21,185478
4,596,50,94068
5,708,0,115692
6,1413,4,257618
2,371,20,50000
5,620,38,106199
2,313,0,54498
5,671,0,96580
1,300,4,50000
1,300,28,50000
1,300,21,52219
1,300,6,76376
1,300,0,68751
1,300,12,55026
2,466,4,67111
4,1105,20,179454
5,1042,8,156969
1,300,17,50000
2,463,28,50000
2,300,11,58038
2,300,6,50000
4,854,22,117293
5,1281,4,227164
4,914,33,151075
3,316,1,51870
7,1421,27,182974
2,404,1,90478
3,522,0,128521
6,1366,6,260195
1,300,47,50000
7,1691,50,227965
1,300,3,67035
4,684,2,124627
7,1706,6,336591
5,989,6,174503
3,361,21,50000
5,667,8,135962
4,702,22,112158
1,300,20,53646
7,993,12,171561
5,1018,26,171568
5,748,3,109561
1,300,2,50000
7,1918,20,345153
3,732,4,111021
1,300,0,50000
5,1323,36,195222
3,334,14,53615
3,556,8,63484
1,300,19,50000
5,1080,6,189810
4,300,46,50000
5,1132,1,195065
2,522,15,76337
7,1719,22,326977
6,1669,9,307319
4,686,21,120869
3,301,39,50000
4,741,20,133388
7,2206,5,380553
3,513,12,74079
7,916,36,120504
3,448,8,96168
4,641,17,115284
3,644,9,135320
3,491,1,62861
2,355,0,68586
5,746,45,95656
5,1239,14,171083
6,897,1,181900
6,1010,29,135059
2,300,11,55890
6,634,22,105731
7,1000,2,216354
4,1102,35,166046
1,300,13,75360
7,1065,20,199203
1,327,0,73896
1,300,5,50822
2,700,4,98150
7,1327,44,241843
2,422,3,98659
3,547,18,66527
1,300,0,67061
4,940,3,136283
6,1153,6,122028
4,1015,23,142727
6,1638,23,274069
1,300,45,50000
1,353,37,50000
1,323,1,50000
2,479,26,60602
7,1884,8,276104
6,1847,30,316731
7,1437,1,234950
2,453,25,77619
2,445,2,56457
5,1169,6,202258
4,1027,0,178498
4,484,1,97260
3,561,8,77795
2,541,25,69698
6,1654,22,275779
5,765,4,125076
5,1415,2,252682
7,1595,7,338325
4,944,32,188463
2,300,1,50000
3,666,11,134964
2,390,1,50000
7,1486,9,214818
1,300,2,50000
2,300,1,51103
7,1397,3,245716
1,300,4,50254
1,300,4,76381
3,812,15,132330
6,1391,0,288405
4,588,1,103657
2,603,3,83596
1,300,30,61452
2,300,14,61015
6,1308,19,195025
4,836,6,129835
6,1027,3,199683
4,686,0,148560
5,732,10,120060
4,921,12,164899
3,549,34,53648
6,1539,32,216801
1,300,8,52508
5,1154,8,196830
3,557,2,115586
2,348,4,79039
6,1091,38,171353
7,1143,2,199694
7,1713,50,273874
1,300,10,50000
4,644,9,126695
1,300,2,53704
7,2075,16,349374
2,300,9,63264
5,518,6,114835
5,434,4,94677
6,1425,1,244909
5,834,10,140993
6,1582,5,276290
6,1425,18,235180
6,1421,19,230733
7,1292,6,188362
7,1632,16,260805
4,1272,4,211333
3,726,19,94339
6,1188,0,223857
6,1516,2,255630
3,639,4,104265
1,381,22,57805
6,958,1,234545
4,872,3,178960
5,985,6,156592
5,1569,0,294049
2,300,21,50000
2,580,12,85718
5,958,34,155407
5,300,0,117527
7,1161,4,237800
4,1058,19,118044
3,425,16,79488
2,430,4,63903
7,1965,13,343325
7,1167,23,227958
3,363,0,69216
7,744,18,176947
4,1096,4,197240
5,925,44,149676
6,1428,11,248006
3,445,0,94798
5,750,7,146048
5,698,50,110212
1,300,19,50000
3,755,5,106178
7,1590,12,283146
6,997,13,153942
3,802,0,110784
7,1255,2,214899
5,1323,12,186422
6,714,7,162681
7,1766,3,366335
4,705,22,101241
7,1653,10,272301
1,300,5,50000
5,816,2,124503
7,2010,14,395772
2,485,16,67270
2,465,16,83914
1,300,3,50000
4,709,13,115769
5,1255,35,178391
3,767,6,95273
1,300,3,50000
4,391,22,89212
3,449,2,94447
2,496,4,79072
2,422,1,66319
3,851,4,147476
1,300,7,50000
2,471,0,70702
5,1378,30,191122
6,1038,10,173352
7,1152,13,208673
3,344,6,69526
3,530,16,90621
2,300,8,50000
1,300,21,50000
5,1211,25,181048
1,300,16,50000
4,803,10,112134
4,833,22,118024
6,1116,10,114701
2,499,1,91589
2,300,1,50000
2,300,44,50000
6,1705,3,180306
4,695,25,92864
1,300,4,57664
6,1382,8,215728
6,1153,15,240507
1,300,2,54967
2,300,20,51575
5,1098,17,205085
1,300,11,50000
4,877,12,132451
3,935,1,153429
3,300,8,50000
7,610,1,140394
7,1597,5,284046
6,1958,34,353496
3,609,12,100468
5,1031,20,170484
2,300,12,50000
4,985,3,184230
7,1346,13,209891
5,811,21,111135
4,970,2,161064
4,677,25,119979
2,300,12,50000
6,1658,0,355664
3,518,11,50000
2,300,7,50000
5,1549,5,263085
6,1126,22,142590
5,991,34,181679
6,1239,21,205411
7,995,28,172335
5,1191,35,239849
2,361,36,54511
6,911,1,130126
6,1328,9,244596
4,534,0,117421
4,570,10,66643
1,300,38,50000
5,1194,3,272362
4,832,15,108753
1,410,15,59409
7,1339,2,282016
7,1022,4,236851
4,913,9,176446
5,624,3,103941
6,1175,13,251117
3,722,9,119568
5,1251,10,199721
2,583,2,131108
7,2329,10,384378
4,822,0,153950
4,1152,31,200972
6,2003,6,279691
2,300,29,50000
6,1194,18,212874
2,311,21,50000
3,730,5,88469
7,1349,3,217429
4,758,7,138781
4,905,0,129565
3,740,37,75412
1,300,7,50000
7,1118,50,176859
6,930,21,130961
3,618,1,80975
6,1672,16,203007
5,355,4,60562
4,747,4,183121
6,1000,4,218905
2,532,37,70071
6,1060,10,186228
5,1072,16,207701
7,1320,4,180461
4,993,11,187838
3,1011,6,119064
5,809,5,150108
4,638,4,113267
6,1191,7,182849
7,1076,16,221571
1,300,3,70397
7,1928,50,175662
1,300,1,50000
2,300,9,63254
7,1416,1,255891
4,956,0,150302
1,300,38,50000
3,415,24,55173
4,533,17,74092
3,388,30,50000
7,1200,24,166371
3,300,15,50000
1,300,28,50000
4,452,7,87264
6,1185,12,164931
5,974,22,164186
1,300,1,50000
1,384,29,50000
6,1398,2,215269
4,822,29,138498
4,847,5,154559
7,1183,5,201125
3,470,1,93566
7,895,32,182877
6,1285,2,180799
7,1623,14,268445
6,1589,15,273524
4,847,4,100596
3,866,50,67596
7,463,0,117457
1,300,14,50000
2,374,9,50000
5,1468,4,259092
1,300,2,57023
4,791,20,99030
5,1076,37,158276
2,470,1,82953
2,416,3,78458
3,300,50,50000
5,1063,0,148728
3,878,10,134566
1,300,10,56425
6,1488,4,290922
6,1072,16,113235
6,1392,43,229332
5,953,8,170331
6,1283,20,207208
1,300,15,50000
3,818,9,113448
5,1278,0,226560
3,545,20,94997
5,1039,6,160454
3,427,3,82424
2,336,44,50000
3,584,22,100405
6,1421,49,270455
2,300,4,50000
3,477,27,60610
5,784,14,140772
5,546,50,50000
5,912,43,123103
4,878,50,95749
1,300,45,67000
5,628,0,85138
2,629,20,97812
5,949,4,182039
4,1240,18,138179
6,1263,50,216809
2,567,0,95382
4,880,12,130155
6,852,19,152414
7,664,4,142694
7,784,3,169649
2,328,0,66356
3,736,1,124640
1,300,16,51216
1,300,10,60939
4,1072,0,180862
6,1212,50,183262
1,300,16,50000
6,1511,10,298616
6,1317,4,198642
4,685,16,102448
4,847,6,137747
4,798,18,114004
1,300,17,50000
7,1958,1,349718
4,751,35,111601
1,300,10,51231
4,732,7,84787
5,677,46,75087
6,1338,8,306805
4,1148,19,163910
2,300,15,59189
6,1020,2,205471
6,1178,50,141026
4,840,9,150290
7,1593,7,351175
3,300,37,50000
7,517,11,136671
4,704,18,109478
6,1121,28,164037
2,390,4,56581
6,1122,2,195354
7,1750,1,286801
2,460,34,79039
1,300,3,50000
5,910,5,154229
6,1014,5,162470
4,695,5,118250
1,300,16,60748
5,521,46,66090
4,1056,5,182210
3,581,7,54240
4,625,22,124291
2,452,8,77006
2,625,39,89158
3,554,10,91659
1,300,6,50000
5,1233,50,193370
4,1182,8,158162
2,486,3,68018
1,300,2,50842
3,370,50,55469
7,1798,20,283879
6,850,7,173754
7,1294,26,184610
7,1395,11,228599
2,300,5,50000
3,653,20,128339
4,912,20,132864
7,2218,10,346967
7,1736,0,324057
5,951,1,175608
2,505,23,51491
2,516,26,80763
4,1063,17,169699
6,889,27,138868
1,300,19,50000
5,794,34,93761
2,380,2,86016
5,1267,7,209794
2,392,9,52032
5,946,5,171557
3,537,19,50000
7,1058,36,120034
2,311,7,50000
5,1101,42,150223
1,359,10,50000
3,357,11,60943
3,300,13,50000
1,300,4,69648
5,890,7,140210
4,779,12,148879
1,300,42,50000
5,1176,15,128739
1,300,6,50000
1,300,0,50000
2,512,50,50000
5,1063,10,187975
4,859,41,96073
7,1952,11,299731
2,590,13,79752
1,300,18,50000
7,1187,5,210067
6,1153,18,166104
7,1522,11,198043
1,300,16,50000
1,300,27,50000
5,1116,3,175243
5,594,14,129615
2,499,0,97123
4,800,1,145882
2,482,16,64165
3,662,1,70743
1,300,13,50000
7,1031,3,186065
6,1135,5,186304
1,300,2,50000
1,438,4,95438
2,300,25,50000
6,892,15,218500
6,2254,44,320446
6,797,0,159435
2,300,23,50000
1,300,18,50000
2,399,4,65185
5,1044,19,204966
5,462,18,65904
2,472,9,59744
6,970,17,157781
1,300,8,72307
2,491,6,56527
2,300,9,50000
2,395,33,50000
3,726,7,100501
5,1603,7,234898
7,1512,14,221721
6,1060,20,137428
4,757,19,134275
7,1067,0,237031
6,1712,17,262762
4,858,8,147000
3,475,11,85903
2,445,12,71233
3,519,19,90172
3,300,26,56197
7,1420,15,199003
1,300,12,50000
7,1729,7,333167
5,925,2,149638
4,1104,47,188311
2,664,9,141042
7,2016,12,393265
4,810,20,92072
6,1259,1,203041
4,804,28,112500
6,1270,23,189526
7,1278,22,134994
5,1101,0,188347
7,1184,11,257285
6,2002,0,421175
4,733,12,104632
4,462,19,75084
6,1213,1,195889
3,498,17,63922
5,951,8,140281
1,300,25,50000
2,385,11,55158
4,1036,6,171614
2,499,6,76599
1,300,34,50000
7,1529,9,284208
2,437,7,71349
1,300,0,50000
6,745,6,130665
3,373,28,62253
4,1253,21,169487
1,328,3,50000
2,403,7,64458
4,842,3,135496
3,527,46,79708
6,1215,13,268521
7,986,21,145818
4,820,18,135330
7,1641,31,241077
1,300,44,50000
3,421,0,61429
2,634,50,50000
3,670,30,101859
3,770,7,107168
5,997,27,186841
3,986,20,163176
3,690,23,101304
4,452,3,96245
2,341,15,60219
4,838,0,149048
4,498,28,51662
1,359,45,50000
4,893,16,171134
5,1230,10,196731
5,836,19,160116
7,1159,5,258415
1,352,14,50000
7,1318,19,197195
7,1254,2,301850
6,1852,2,275013
2,462,18,86401
2,300,8,61843
4,1026,33,100193
4,840,5,129849
6,1630,0,286361
4,573,15,94280
2,545,17,84823
7,1285,12,270306
3,501,17,73984
5,1213,11,150702
3,493,17,52171
3,850,0,113092
2,310,6,50000
3,427,3,100984
6,1253,1,177966
1,300,4,50000
4,585,3,123187
1,300,50,50000
7,1580,5,288087
5,1174,3,235518
4,898,27,103174
3,562,8,116376
5,910,8,148847
4,1121,8,193878
6,609,8,93039
6,984,5,188681
6,1016,5,190832
6,1392,32,222343
3,489,2,77035
1,367,2,75897
4,1098,12,201995
3,482,6,67083
6,813,8,126901
7,1586,24,257910
1,345,35,50000
7,2005,23,348960
5,1173,4,209487
7,1004,50,137125
5,795,6,142616
5,1162,2,220354
6,937,10,166230
5,528,19,87637
2,686,1,113866
4,753,15,118359
4,1078,29,178819
6,973,4,155907
2,584,17,101396
7,1618,7,305643
3,446,8,69419
7,826,4,142182
3,880,14,107379
5,864,6,167841
1,300,26,50000
3,747,49,112821
1,300,41,53395
4,992,2,154822
1,300,0,66696
4,1083,8,160442
2,300,19,51767
2,433,50,74744
6,1382,22,181180
6,1397,13,198720
5,1251,0,263187
3,651,26,99573
5,969,2,177922
4,1143,0,209012
5,1118,28,202570
1,300,12,50000
4,798,2,121438
6,1209,7,193761
2,324,1,50000
6,1569,15,226304
3,734,4,97703
4,1087,30,127484
4,872,6,119908
1,300,10,50000
3,315,0,50000
2,792,4,142751
7,1076,16,217226
4,798,19,137177
4,936,4,144047
1,300,10,50000
5,870,25,140806
2,300,7,50512
6,1196,2,229936
3,356,8,58147
4,1168,13,242754
4,603,0,103381
6,685,6,127873
2,300,14,50000
5,892,45,145560
4,774,7,111202
2,490,2,78253
6,1338,11,174279
1,300,5,76997
5,1106,3,189351
3,680,13,93403
4,392,37,50000
2,300,27,50000
1,422,3,77887
3,609,21,98137
7,1173,3,174905
2,300,5,53222
2,450,37,54346
3,884,36,132672
1,300,2,50000
7,1552,0,275277
6,1496,5,217737
1,300,13,50000
5,1072,31,141015
4,623,1,102111
3,555,8,129295
6,796,4,133009
7,1592,0,327143
3,699,23,99668
3,808,25,76455
1,300,3,50000
4,850,2,116945
5,1435,2,236596
2,300,9,58589
2,575,4,96770
3,683,10,128416
4,578,7,105287
7,1669,3,240732
7,1457,20,252633
6,1463,2,215630
1,300,24,50000
4,1002,12,176483
4,591,26,113955
1,300,0,50000
7,2100,20,339711
7,2158,0,445494
7,1391,44,199252
3,902,18,135463
4,472,5,107599
2,300,5,77863
1,300,29,50000
7,1713,34,236106
6,1809,33,199298
7,1475,24,210958
7,934,25,181533
5,1106,12,152166
3,766,0,128193
1,300,1,50648
5,836,15,155392
5,1102,7,174386
6,1016,12,137080
4,868,3,149961
6,1089,15,197498
4,688,4,151221
4,1090,9,187880
1,300,9,52977
7,1247,2,210452
1,300,31,50000
3,556,11,72754
4,521,30,50000
5,588,4,119037
7,1393,2,249269
2,300,0,50633
3,533,1,66889
1,300,2,60304
6,991,1,136215
3,554,34,77946
3,418,36,62134
7,1289,41,167334
3,462,48,92783
3,744,10,109369
2,466,11,64140
6,1019,2,236707
6,1045,2,223811
6,1415,22,245542
4,1320,29,247871
5,810,23,139161
6,1357,26,197549
3,579,4,97699
3,713,9,142177
6,1408,9,237294
7,1249,50,185098
6,1339,44,202922
3,1123,13,175713
4,944,2,159836
1,312,4,50000
1,345,6,81530
6,1043,30,134872
2,532,2,105778
6,1221,3,191523
7,1347,6,215572
6,1081,39,185892
1,300,10,63984
3,511,15,74385
6,1923,7,327879
3,684,3,124041
3,656,3,50000
2,385,24,55919
3,786,33,89547
1,300,10,50000
4,933,6,143934
4,837,24,177572
5,1529,16,279976
7,1422,0,306421
6,1265,6,257806
7,1821,17,242604
1,300,12,50000
3,300,50,50000
4,661,30,55789
7,1696,0,324336
1,359,19,50000
4,1223,6,199780
3,565,17,113575
7,1798,14,369909
4,785,10,127511
6,1340,28,164579
6,1507,18,206279
5,660,33,100640
5,679,4,108424
4,467,6,80687
1,300,14,50000
6,1017,50,114239
1,463,6,57509
1,300,0,50000
4,511,8,85129
1,300,11,71991
6,1254,24,184448
3,568,19,75155
5,852,50,110598
3,720,22,69942
1,300,5,50000
3,628,15,75057
6,1878,16,252104
6,1074,50,128111
1,313,2,51226
4,579,3,95684
3,895,2,154262
4,908,13,166099
4,779,2,175836
2,300,16,50000
1,300,24,50000
5,1680,8,243220
6,679,12,126544
6,939,36,117845
1,300,12,53787
7,1863,3,357209
7,1055,6,160225
7,1454,11,225769
5,1080,2,163395
6,1217,14,175789
1,477,50,50000
6,1238,15,235143
4,1032,6,125160
3,496,6,129523
3,389,40,61811
6,824,30,129086
2,419,9,76953
5,691,6,104220
7,2121,18,360745
5,1103,5,195797
5,1064,1,140324
4,983,5,171838
5,715,8,110685
3,473,4,74263
4,681,3,66368
1,312,0,61275
5,1130,14,186986
5,1191,14,164696
1,300,3,53934
5,876,43,95193
1,300,7,50000
4,421,0,71628
3,693,3,91054
1,300,17,50000
2,351,3,52758
1,300,0,88848
5,628,14,67303
7,2026,10,399815
7,1994,21,372118
4,918,22,151560
6,626,48,125451
4,742,0,115452
6,1372,0,248658
7,1355,50,208170
7,596,15,111876
1,300,18,50000
3,494,1,108261
2,300,1,53839
4,1092,2,188158
5,971,8,187870
6,1061,1,199914
5,1365,8,236634
3,736,12,103531
6,1231,0,232308
4,773,1,144694
1,300,7,50000
5,857,0,144315
3,300,2,63201
4,1114,3,206483
7,1229,8,198258
7,1494,18,175794
4,647,2,117897
4,845,20,143913
4,1424,28,197421
6,1085,15,159721
4,1351,0,237625
5,1035,8,203234
3,720,16,109770
6,1692,50,234225
4,807,45,133757
2,352,7,64640
2,423,14,64457
3,584,33,50000
7,2059,26,327350
1,300,9,50000
1,300,4,50000
7,1006,2,174368
6,980,10,196840
6,1369,19,163363
6,1591,50,250068
1,300,29,50000
2,410,3,70231
1,300,19,50000
5,890,5,159096
4,915,17,142595
6,1458,16,206182
2,452,4,52017
3,963,4,191064
3,905,1,143360
4,1181,0,195044
2,484,29,76560
1,300,0,50634
1,411,1,65471
5,971,4,184765
5,1014,32,106129
1,300,6,50000
3,389,3,54683
6,855,18,166239
3,531,5,91651
5,1308,6,204361
4,732,20,126706
1,300,4,50000
5,1018,34,157739
5,1021,12,164138
6,1128,11,159325
1,300,4,50000
6,1118,27,196839
1,300,12,51201
6,1174,2,223082
3,300,3,50000
4,620,9,86794
4,813,22,149266
1,300,42,50000
2,535,16,51047
7,1144,10,197063
5,710,4,120023
5,1157,16,153694
1,300,50,50000
6,1436,9,248214
2,507,2,87282
3,651,1,102718
6,1640,4,308325
6,1353,12,179040
1,300,44,50000
1,300,5,50000
5,876,5,155272
1,300,9,50000
1,300,37,50000
1,300,8,50000
5,1392,3,238247
3,483,2,64589
3,755,9,117010
7,1237,24,230727
7,698,5,145401
1,300,10,67631
7,1177,13,213077
5,1408,8,275526
3,344,3,55084
6,1348,38,170245
3,391,12,74658
3,562,19,72315
5,1183,15,235010
7,1503,50,285664
6,1229,9,183368
5,699,8,129084
1,345,6,53012
4,898,6,173242
3,460,4,84880
4,614,50,69866
5,1083,30,192792
5,835,5,131558
5,829,5,134773
4,719,1,137471
5,833,31,112557
1,300,6,50000
5,886,12,183039
2,300,34,57143
7,1728,7,310981
4,300,24,52623
2,467,8,101446
5,1211,18,166001
1,300,8,55257
3,618,7,75719
6,750,50,117833
7,1189,14,226261
6,983,6,198342
5,1304,4,248325
7,739,0,129532
7,1800,18,272263
1,300,6,63901
7,1616,25,245659
4,789,6,131502
2,308,7,50000
2,385,22,50000
2,534,10,88906
4,810,32,91364
6,1152,13,160402
1,300,4,50000
7,1409,12,231051
4,1083,0,181275
2,430,5,74867
5,938,3,163841
3,714,15,140062
7,1357,2,227075
4,681,5,144754
4,903,6,155804
1,486,0,95182
1,300,0,80849
4,580,5,96793
2,300,3,50000
3,693,1,137625
7,1590,2,250619
1,300,27,50000
7,1619,17,213156
2,314,9,50000
7,1274,35,180706
5,628,0,128102
1,300,6,50000
2,300,26,50000
2,300,14,50000
3,446,50,50000
3,604,43,75820
5,715,2,133082
2,462,50,50000
6,1132,43,172589
2,431,7,95771
3,547,50,63977
6,987,0,198781
1,300,16,50000
1,337,4,50773
7,1763,2,323737
4,699,12,113313
3,669,5,134371
4,844,16,153072
6,1517,11,235561
3,693,7,73672
5,915,3,173372
2,452,13,66934
5,300,26,66634
6,1319,13,198937
3,300,14,55733
6,1260,10,207389
2,598,7,107939
1,300,9,50000
1,403,50,50000
6,717,20,106637
4,673,8,73005
3,649,9,108919
3,611,10,80541
1,300,16,50718
7,1291,9,210358
5,1203,17,223528
7,1515,5,277793
2,385,7,84747
5,715,29,127171
5,1462,5,298563
6,1199,50,188471
1,300,2,50000
7,1553,4,305233
7,802,9,149287
1,300,23,50000
7,1624,19,274274
1,300,2,50000
6,1164,4,222322
4,558,12,75967
5,1331,5,171642
6,1387,8,234227
3,791,10,171109
2,403,13,59736
4,798,4,134953
3,558,2,138214
5,904,7,133491
7,2522,1,429656
1,300,11,50000
5,709,27,143982
6,1898,1,307858
2,477,1,79549
6,1282,1,260434
4,1043,28,199612
4,635,1,118393
2,300,50,50000
3,794,6,131266
3,698,5,98096
4,887,1,158749
4,659,13,92925
7,1206,13,204093
1,425,10,50000
7,1495,5,250634
7,1314,6,253202
3,565,5,109867
2,300,8,50000
3,595,6,95636
1,300,16,50000
6,831,5,141855
4,811,6,164969
4,781,8,156212
1,300,0,61260
7,1134,10,199768
2,539,4,69705
4,717,0,152793
5,1083,36,152754
7,1069,5,193806
4,682,8,129766
5,1775,26,173516
1,404,2,64167
1,325,28,50000
7,1903,4,344636
4,1017,13,158955
3,379,17,50000
5,784,35,119330
2,436,14,84034
4,790,9,141153
2,300,12,50000
4,774,3,158383
3,300,17,50000
3,621,3,87759
7,974,12,188672
7,1026,15,173946
3,468,34,50000
6,1310,8,197770
3,623,22,103691
1,300,2,51053
1,300,2,57435
6,1528,11,290539
5,1239,13,212518
2,409,15,97886
4,997,20,173730
4,744,5,109221
6,1198,14,151723
1,300,3,62187
7,1784,3,272574
4,743,1,134672
1,300,20,50000
5,1284,10,211671
2,513,4,92756
5,1017,12,165201
6,1064,6,153486
3,300,27,50000
3,506,11,86613
3,488,0,94625
5,983,50,121989
4,732,1,121121
2,300,17,50000
3,683,8,118709
6,590,4,118591
6,1474,16,266593
3,468,2,83248
3,634,29,100387
2,457,4,100167
3,557,6,105531
2,492,15,63436
6,1379,0,237593
3,915,9,172648
5,931,33,152383
7,1646,17,319000
5,962,7,203777
6,985,16,165438
2,301,41,50000
5,894,3,138618
2,431,11,76371
5,728,4,111915
5,1113,28,202785
2,392,19,50093
4,612,24,96378
5,1050,42,139728
3,300,3,50990
7,1733,0,317290
6,1120,5,185773
4,756,7,133693
2,418,14,53559
4,1078,23,133623
1,300,6,53509
1,300,9,53301
5,1088,23,181730
5,793,3,155198
3,607,3,120471
7,1485,13,276033
6,1433,8,272001
4,969,44,166361
1,300,6,62561
5,975,21,148779
6,977,13,180620
4,956,0,110337
5,1259,1,265024
5,1081,3,153211
1,300,2,85311
1,300,5,58627
5,445,12,88761
2,300,13,51535
5,1141,13,184304
6,1710,1,252313
5,901,13,183746
3,310,7,50000
7,1566,35,285372
3,722,36,103992
3,498,21,76125
2,300,18,50000
2,441,1,89231
5,1074,1,163389
3,599,27,110060
2,402,8,81399
1,300,9,50000
5,1035,28,125344
6,1198,14,183925
7,1609,2,278818
4,726,3,146939
5,675,0,160073
4,833,18,168242
3,601,9,89020
7,735,44,83109
4,622,18,56778
3,604,1,109416
1,300,2,52327
4,1017,10,189919
7,1720,38,317878
5,1081,4,163045
3,399,26,78630
5,866,5,178365
7,713,4,137996
2,672,34,75138
3,300,0,53405
4,613,16,91670
3,817,0,149092
5,617,24,80153
1,300,26,50000
3,597,33,106353
4,742,3,116261
2,559,1,103441
6,1296,10,264700
1,300,4,50000
2,379,13,50000
3,626,10,113069
5,1216,2,222718
7,1269,20,203822
5,1541,24,235505
4,499,49,50000
5,1456,7,218829
1,300,6,82130
5,1069,3,180530
4,763,2,81153
6,1183,5,170202
3,759,50,77718
7,1682,1,241240
3,533,4,72143
5,1212,1,248290
2,742,4,82109
3,331,1,65607
6,1755,10,312439
5,728,8,125108
7,1125,2,226412
4,599,2,83408
6,1300,14,185835
5,695,7,140449
6,860,0,154299
3,356,37,71335
7,1601,7,275785
4,816,13,110449
5,1212,32,157680
1,523,7,50000
4,1172,25,180062
1,300,36,50000
6,459,2,94921
2,300,33,50000
4,1161,1,159124
6,1470,4,226937
1,300,24,50000
3,462,34,78505
3,421,17,50000
2,352,1,50000
4,778,11,89627
4,1139,12,216323
4,764,4,144890
6,978,50,106362
7,1830,6,305124
7,666,3,145078
2,389,1,79300
4,696,7,135419
6,1327,17,220567
3,610,3,77550
1,300,22,50000
6,1020,2,194332
7,648,8,98831
7,1583,18,231165
3,706,2,138027
3,941,13,184364
1,300,24,50000
3,789,13,157518
2,348,10,64424
1,300,27,72531
3,642,50,50000
5,631,3,110577
6,618,17,74008
3,701,1,108235
2,584,0,105705
4,812,4,161294
3,647,50,61498
7,1301,12,214230
7,1259,4,179727
7,1759,2,243922
4,422,37,51602
7,1101,6,200084
5,804,5,131452
3,725,29,132096
7,1456,13,285680
1,300,2,50000
4,1037,8,190752
5,673,39,91663
1,305,34,50000
1,340,1,51600
1,300,4,50000
1,300,2,55555
3,835,11,98735
7,1515,20,259350
6,1544,5,243229
3,682,21,59009
3,586,16,90532
5,827,19,149137
5,977,44,153021
7,1547,8,221723
6,1328,6,251935
5,947,17,157771
7,1627,24,244291
7,1595,3,368633
2,577,28,85525
6,991,0,173111
5,977,0,161847
6,1044,2,173966
3,300,50,50000
3,473,11,62808
6,842,0,166430
2,409,50,50000
2,425,20,57743
6,1424,27,246732
5,791,3,138359
4,721,1,173798
2,428,10,71888
1,300,22,50000
3,300,15,58712
6,1227,14,225273
1,300,21,50000
6,1373,3,247906
7,1584,16,283642
3,617,7,116951
3,867,1,166278
2,330,3,50000
2,405,23,59282
1,300,33,50000
7,1440,4,243515
6,1452,3,244425
7,1281,0,247517
3,575,44,50000
1,300,17,50000
4,636,47,105862
1,300,29,50000
5,889,6,155307
1,300,1,51806
7,1690,10,256413
5,1292,0,206187
5,924,2,142450
5,737,3,131351
4,747,16,121001
1,300,10,52493
7,1934,5,344021
1,300,12,58022
4,550,2,100358
3,300,21,56452
2,325,18,50000
7,1315,3,194737
7,1248,13,224997
1,300,10,65245
2,613,0,87709
6,1291,4,214920
6,766,50,93231
4,879,1,101624
6,1362,10,220675
7,1381,28,286551
6,1117,5,163405
3,744,4,157680
3,300,33,50000
3,742,5,114866
6,944,15,144400
4,470,20,77241
5,704,23,77039
5,1368,50,207934
2,573,24,50000
5,1340,16,171256
5,972,33,142199
3,553,35,59957
3,469,50,50000
6,1070,22,178394
2,300,3,50000
1,367,18,50000
7,1158,1,231955
2,300,5,54127
2,370,1,53337
4,595,44,78917
6,819,6,177371
4,1081,18,165226
2,300,12,66294
2,540,1,90701
2,300,12,60781
5,911,16,181748
7,1715,31,302070
7,1158,1,234249
4,938,5,144583
2,520,17,92291
7,1028,0,214578
3,495,3,116243
7,1680,3,272673
6,1750,16,245678
6,849,5,133655
7,644,13,134987
3,663,50,91230
6,1154,23,215041
5,1064,6,198631
7,1626,9,242307
5,1104,3,198044
7,1767,0,317299
1,300,5,50000
1,300,6,50000
1,300,12,50000
6,1156,43,154341
5,716,44,82557
5,812,1,87212
5,1506,14,279101
3,300,0,50000
5,1044,15,145317
3,762,1,131541
1,300,43,50000
1,300,29,50000
6,1217,0,243459
7,1215,22,177668
1,353,15,76590
7,1861,10,330164
7,1319,13,250101
6,1550,17,274592
2,302,32,50000
2,300,21,50000
4,495,12,93471
6,1236,26,216796
4,753,50,90704
4,1247,5,133612
2,325,1,50000
6,1246,19,196666
2,508,50,50000
4,803,1,179248
6,755,8,133309
4,506,0,108993
5,1274,22,159612
7,742,44,166685
6,1301,10,188016
6,2055,7,370327
7,1396,35,198499
4,790,2,138146
5,607,33,99478
3,853,7,181037
7,1878,12,269550
2,606,11,111842
4,883,14,136830
7,1653,42,243845
7,1423,45,184186
6,933,26,138706
2,401,3,94629
2,539,6,112313
2,462,10,87366
7,1263,35,260617
3,556,11,78610
1,300,50,50000
4,658,50,75611
1,300,13,58015
7,2418,31,387345
1,317,50,50000
7,2422,28,402769
1,300,16,62967
2,432,27,66187
5,760,1,146364
2,541,15,75075
2,300,3,50000
6,1801,1,375303
6,799,33,141007
1,300,15,50000
7,768,4,129978
2,473,7,74019
1,300,50,50000
6,1234,29,235469
5,881,0,176725
4,702,50,80619
1,300,6,50000
5,405,17,50000
4,741,18,130086
3,783,36,79832
1,300,32,50000
1,372,4,60286
3,528,15,102639
3,491,7,95139
1,300,11,50903
3,696,12,126412
2,732,7,110727
4,732,9,87345
4,883,3,157884
4,939,14,154774
2,300,21,50000
7,1577,8,242781
3,507,50,50000
5,1013,0,145165
3,677,13,106929
1,300,13,50000
6,1424,0,268510
4,1120,3,153851
3,866,35,149285
5,1149,11,169926
1,300,8,50000
2,300,8,50000
7,1328,32,238769
2,615,6,108241
5,1190,29,207056
1,300,5,64939
4,721,11,132431
3,592,2,106468
1,300,26,50000
7,1007,19,178430
2,346,11,50000
7,1082,0,201133
7,1143,9,186182
5,1226,3,217828
5,1119,8,204402
3,657,29,50000
5,1056,22,164988
5,1144,4,135198
1,300,50,50000
4,1183,35,122071
3,387,11,50000
1,300,11,50000
4,1002,34,137076
7,924,15,153742
1,300,11,50000
6,1070,20,183397
1,300,4,50000
5,971,31,140550
4,841,11,149844
3,475,13,74401
3,644,1,118614
4,873,5,136616
5,506,8,82643
2,412,8,65212
1,300,22,50000
5,740,4,121201
6,1132,3,219214
7,2091,13,289757
4,877,14,136034
1,300,1,81602
3,460,0,96417
7,1722,37,278400
2,494,1,90670
6,1668,34,313537
3,394,7,50000
4,516,15,100098
1,345,3,54835
4,521,26,92123
7,620,2,113355
1,300,7,52300
5,1005,4,181058
2,449,27,57635
5,924,29,154545
5,1565,6,192192
4,776,5,148256
7,935,22,183749
2,300,31,50000
1,300,14,62537
1,325,39,50000
6,824,7,123685
3,760,2,139564
6,993,2,130155
6,1533,16,207552
1,300,7,50000
4,709,2,97664
5,1282,5,198963
7,1628,11,266587
5,682,1,104859
5,941,0,141242
2,300,37,50000
1,300,5,50000
7,1694,3,249053
4,1263,17,168899
2,300,28,50000
3,827,15,99285
4,972,4,138698
6,1113,29,160675
4,694,10,87165
4,375,7,50000
5,1194,13,178855
4,686,18,137872
6,852,13,169450
6,1347,37,238357
1,300,14,50000
4,355,31,50000
5,1215,13,260572
4,756,5,137177
3,577,11,78722
3,712,1,134405
5,979,3,126422
1,320,21,50000
1,300,16,64069
6,950,2,207414
6,1397,8,254346
2,559,2,93719
5,781,29,139890
4,439,1,85338
7,1327,15,180978
5,980,14,192982
2,347,9,50000
6,746,4,129039
5,1029,7,159381
5,690,24,125746
6,917,21,138244
2,361,20,72882
6,1253,20,220776
1,300,2,50000
4,560,1,119156
6,1176,29,139777
2,300,27,73636
3,478,17,79176
1,300,13,50000
3,786,6,97979
7,1632,3,400836
6,1433,16,321478
1,300,36,50000
4,895,8,163198
6,1763,5,363231
4,675,4,122450
5,1428,0,257605
3,474,11,91220
1,300,50,50000
4,866,25,154151
2,392,34,50000
4,1055,14,183888
2,379,9,50000
6,1224,50,157468
1,300,8,50000
4,979,37,185224
7,678,21,118941
4,437,6,78648
7,1085,10,194736
1,300,7,50000
4,903,2,168826
2,379,6,88217
4,843,32,136798
3,500,20,66984
6,1012,4,180696
5,1071,6,131108
2,403,14,77086
3,595,8,123043
7,1179,10,192344
6,1104,17,209914
1,300,9,50000
2,300,3,53185
5,1177,11,179869
6,1495,6,220689
7,762,5,186408
5,772,5,175739
1,347,8,50000
1,300,32,50000
7,1451,19,226585
2,536,16,50700
7,1923,9,348244
4,755,0,166276
1,300,6,62392
6,1345,25,167769
4,625,7,127961
3,300,12,50000
5,778,3,210586
4,870,37,141672
5,825,38,102039
7,1419,2,207636
4,640,19,86593
7,1900,1,365410
3,675,13,101962
1,300,2,61322
3,595,2,93673
1,300,0,50000
7,1555,42,251212
1,300,26,50000
5,966,1,180357
6,1301,13,205013
3,484,3,85150
4,522,4,98485
3,626,31,95793
5,930,1,137360
1,300,13,52187
5,1144,7,236365
2,300,3,50290
2,300,9,50000
4,725,42,115198
5,514,22,81655
7,1201,2,246481
4,776,28,128960
7,1792,41,261259
4,948,4,178892
2,300,6,50000
4,906,2,118254
2,576,6,102496
1,300,16,67053
7,1948,4,335211
5,1076,0,157608
4,496,6,71370
2,518,9,69578
3,361,12,86652
7,1126,17,177923
4,1122,0,159555
6,1468,9,220873
1,300,4,52165
1,300,44,50000
3,537,6,69064
2,300,1,55263
4,625,0,160449
7,1806,4,324485
2,300,2,82182
1,300,15,50000
2,404,28,52337
1,300,5,65847
2,327,12,50000
3,935,19,125062
5,1381,7,195322
3,524,1,104833
3,715,3,157982
5,1702,32,251103
5,628,26,89852
4,1114,1,133367
7,1827,3,340524
7,877,21,137348
4,1056,9,207886
3,342,21,88141
3,694,3,97952
1,300,45,50000
1,300,22,50000
7,1557,3,257036
4,1139,12,176751
6,1129,1,185510
6,1416,6,234790
4,1169,16,236631
1,300,6,50989
7,1478,16,228765
7,1868,4,311239
1,334,19,50000
6,1247,6,192940
2,341,23,77782
2,625,2,83489
1,300,6,50000
2,363,9,78892
5,1001,8,128273
4,864,8,179934
4,453,8,69886
1,300,50,50000
3,763,3,120200
6,1516,21,302842
1,300,12,58101
2,318,8,50000
6,1668,15,295907
3,300,28,61157
2,300,9,50000
7,2018,30,327651
5,923,1,166266
2,674,15,109530
5,522,6,92994
6,1396,7,264141
5,993,12,153058
6,1016,9,171949
6,1407,7,277597
6,1468,5,282075
6,1129,14,230305
6,908,10,162834
2,373,5,59191
6,1301,3,179035
2,378,22,50000
6,1386,24,226871
5,1130,3,163726
7,1096,4,184301
6,1355,4,286856
3,417,32,53757
6,1413,22,186825
6,1257,1,206102
5,1093,26,144285
4,623,0,115904
5,1374,4,275109
3,475,37,69849
4,729,29,118804
1,313,22,50000
1,300,9,67190
3,571,5,116872
5,1445,31,258626
2,473,16,77254
3,827,5,169077
7,1698,9,290242
4,742,31,69119
4,1321,35,220759
6,1045,16,211008
1,422,19,50000
4,942,0,185636
3,567,13,93069
4,770,17,164516
3,908,0,163464
2,300,27,50000
6,1392,39,256717
1,300,4,50000
4,817,28,138741
3,803,16,98957
5,1132,13,197005
1,353,27,52443
2,423,5,61719
3,412,23,58889
7,1366,5,216487
7,492,23,111671
6,1463,8,218803
6,916,1,164883
2,416,7,60043
2,492,3,64020
6,1266,1,216261
4,852,1,127945
4,414,22,64083
3,734,31,109984
5,1046,39,138970
3,919,28,123932
5,817,26,119466
2,335,1,51804
1,407,23,50000
3,468,22,67311
3,605,2,93418
5,1402,16,239280
2,358,9,65321
2,394,34,50000
7,1426,17,218298
5,489,45,50000
2,593,1,96032
6,1559,0,248544
4,1089,50,120425
7,905,1,189638
6,1292,7,182170
1,300,15,50000
3,441,31,62792
7,2036,4,294524
1,300,0,50000
3,611,11,69748
4,600,9,114073
2,600,5,110813
6,1303,31,242402
5,769,20,61703
6,1297,29,207876
4,300,2,62872
1,300,17,50000
5,1220,50,247302
2,389,14,50000
4,961,2,154974
5,795,50,127956
4,1035,11,142505
4,705,27,133565
2,324,2,52637
7,829,16,130250
3,508,36,50000
5,702,11,138127
2,501,5,86757
4,729,2,90366
2,465,5,62724
7,1401,6,247000
3,383,18,50000
6,1228,2,223881
5,422,1,109240
3,445,7,79852
1,326,9,50000
5,830,14,155197
3,300,18,50000
4,1089,33,128196
5,1294,5,259123
5,1663,11,269798
2,406,6,61910
4,691,0,151140
1,433,12,50000
6,945,25,162599
7,2242,0,435378
3,594,0,122581
2,553,19,94983
3,697,17,90045
1,300,7,50000
1,300,16,50000
5,861,45,122818
7,1597,4,340686
1,300,4,50000
3,416,3,98869
4,531,19,88863
4,1078,6,150664
5,1007,50,121040
6,372,18,56517
3,550,6,79075
3,538,2,125133
1,300,13,50000
