hours_studied,attendance,assignments_completed,pass
9,73,11,0
59,58,15,1
8,62,8,0
37,97,10,1
33,56,10,1
0,44,18,1
10,51,9,0
6,95,18,1
13,81,17,1
12,97,8,0
47,53,9,0
4,72,14,1
4,56,19,1
2,39,14,0
26,52,16,0
49,96,15,1
9,56,14,1
1,98,12,0
3,97,14,1
2,85,11,1
17,85,14,1
6,61,16,0
45,51,13,1
3,83,15,0
53,64,16,1
8,43,18,1
40,71,17,1
59,85,9,1
85,53,8,1
32,87,7,1
2,86,11,1
1,92,8,1
26,63,6,0
45,83,14,1
3,80,18,1
56,97,16,1
18,54,11,1
2,82,6,0
3,83,15,1
1,73,5,1
3,81,11,0
26,93,11,1
4,89,12,0
16,74,10,1
25,99,13,1
45,91,18,1
17,97,18,1
16,53,8,1
48,66,11,0
6,62,11,0
4,70,17,1
41,68,10,0
1,99,18,1
4,92,16,1
10,96,14,1
8,72,12,0
24,99,13,1
1,71,10,1
12,94,11,0
33,85,18,1
22,74,13,1
19,99,17,1
5,74,16,1
10,59,13,1
3,90,15,1
14,93,14,1
17,86,12,0
19,85,13,1
41,46,7,1
1,51,16,0
9,93,11,0
17,68,5,1
16,84,13,0
0,56,13,1
4,99,5,1
37,57,17,1
14,54,6,0
10,99,5,0
46,57,5,0
1,85,13,0
51,74,11,1
0,75,14,1
16,84,17,0
16,75,5,0
20,92,18,1
0,72,18,1
15,76,14,1
2,81,17,1
3,90,8,1
4,48,9,0
18,65,11,0
9,95,18,1
1,92,10,1
6,76,8,1
1,87,16,1
21,76,15,1
16,94,12,1
10,97,10,0
52,77,5,1
14,51,9,0
43,89,8,1
17,39,14,1
9,51,7,0
15,68,13,1
3,76,14,1
22,63,2,1
80,71,17,1
5,93,5,1
7,94,9,0
10,82,16,0
13,82,15,1
25,73,18,1
2,54,10,1
7,43,11,1
15,42,10,1
17,89,8,0
15,63,8,0
11,82,15,1
24,66,1,1
4,91,9,1
6,96,8,1
11,83,17,1
23,96,2,1
1,39,15,1
2,81,1,0
30,88,9,0
6,74,14,1
66,89,19,1
65,31,10,1
23,74,12,1
25,71,4,0
21,88,9,1
3,65,16,1
13,91,12,1
31,91,16,1
29,72,15,1
45,30,13,0
46,48,11,1
6,83,19,1
25,82,9,0
21,98,9,1
43,55,12,1
4,41,11,1
26,88,10,1
11,66,4,0
10,54,17,0
0,70,12,0
65,69,18,1
22,64,11,0
17,95,6,1
5,61,16,0
21,31,11,0
58,68,3,1
3,66,12,0
82,86,13,1
11,71,10,1
76,75,8,1
20,48,10,1
7,62,17,1
9,96,11,1
6,84,12,1
8,70,9,0
20,90,17,1
0,53,6,0
68,70,13,1
29,38,3,0
56,59,17,1
25,81,18,1
13,82,9,1
4,94,10,1
14,60,17,0
24,50,11,1
38,75,11,0
7,85,6,0
14,99,11,1
19,93,14,1
17,83,19,1
1,99,16,0
13,43,10,0
33,87,17,1
32,94,15,1
14,70,12,1
60,91,15,1
35,66,11,1
26,75,9,1
14,99,18,1
17,91,12,1
5,73,7,0
15,99,6,1
14,57,10,1
4,59,17,0
60,51,15,1
5,85,15,1
2,41,13,1
12,79,3,0
23,97,18,1
4,78,2,0
4,86,15,1
6,54,13,1
7,62,9,0
5,84,11,1
12,30,9,1
0,96,15,1
1,78,13,0
26,82,17,1
10,98,12,1
8,68,3,0
0,66,10,0
7,63,7,1
34,58,16,1
8,60,15,0
66,98,19,1
9,72,11,0
12,97,9,1
32,62,16,1
81,99,10,1
9,30,8,0
2,81,8,1
14,56,16,0
17,82,10,1
64,70,17,1
10,90,13,1
1,85,18,1
21,49,15,1
0,78,15,0
11,92,7,1
10,98,17,1
5,98,14,1
66,63,6,1
10,85,17,1
45,78,2,1
14,73,14,0
34,94,15,1
12,83,11,1
95,57,7,1
20,83,11,1
3,79,17,1
0,74,2,0
52,98,13,1
23,92,4,0
2,89,11,1
27,74,11,0
5,74,17,1
33,98,9,1
18,94,16,1
2,62,12,1
1,89,19,1
12,63,12,1
55,79,12,1
16,47,10,1
28,97,10,1
12,96,5,1
9,82,18,1
34,63,7,1
12,96,9,0
3,99,14,1
6,41,8,0
16,96,13,1
10,81,9,1
9,94,17,0
22,87,13,1
20,66,13,1
7,40,14,0
8,87,12,1
27,48,15,1
50,83,1,0
7,58,15,0
6,67,14,1
6,83,15,1
3,97,15,1
9,89,12,1
14,93,8,1
15,38,11,1
23,58,18,1
1,64,13,0
16,86,15,1
5,73,14,1
5,96,14,0
31,60,10,0
3,93,15,1
7,79,3,1
20,66,18,1
20,67,10,1
0,46,10,0
1,58,10,1
21,85,18,1
61,33,14,0
100,95,10,1
87,90,14,1
8,88,14,1
5,87,11,1
2,85,14,0
7,56,19,1
6,62,16,1
17,94,19,1
9,89,11,1
5,95,4,0
18,37,9,0
7,72,19,1
8,89,1,1
18,59,18,1
2,91,7,1
29,85,15,1
67,60,7,1
13,83,16,1
16,99,14,1
9,51,3,0
62,56,5,1
2,93,15,1
33,63,14,1
21,95,10,1
31,89,17,1
60,38,16,1
13,78,6,0
6,30,7,0
30,68,7,1
37,98,17,1
23,36,7,1
37,90,8,1
26,94,19,1
63,84,13,1
16,76,4,0
9,76,7,0
22,97,15,1
1,80,7,0
13,96,13,1
29,86,7,1
3,87,19,0
10,65,10,0
8,67,14,1
8,67,11,1
21,83,3,0
13,58,17,1
31,98,14,0
1,77,12,0
12,85,8,0
0,55,7,1
4,41,4,0
29,30,16,1
2,78,15,1
2,96,15,1
10,62,12,1
30,92,14,1
20,96,10,1
30,80,16,1
1,95,0,0
16,74,14,0
12,85,12,1
45,84,10,1
26,55,10,1
11,61,15,1
16,63,5,1
11,99,8,1
11,79,11,1
20,94,16,1
4,87,16,1
8,69,5,0
6,92,9,1
32,97,5,1
56,40,8,1
10,36,10,0
1,89,8,1
1,97,7,0
10,88,14,1
10,68,15,1
3,92,15,0
32,75,15,1
13,59,4,1
2,89,10,1
2,73,19,1
11,81,13,0
2,65,16,1
16,93,14,1
9,59,5,0
50,76,19,1
10,98,17,1
19,55,11,1
33,40,12,1
7,79,15,1
14,31,13,0
2,48,15,0
11,81,13,1
9,91,14,1
11,94,3,1
2,30,9,0
10,47,16,0
40,41,8,1
55,71,18,0
5,85,7,0
7,81,19,1
0,56,10,0
2,64,18,1
8,54,14,0
23,37,12,0
6,98,14,1
1,75,14,0
26,90,6,1
12,70,13,1
14,85,9,1
7,91,10,1
18,67,15,0
44,78,18,1
16,96,7,0
17,81,18,1
9,62,15,0
1,71,17,1
11,76,14,0
51,75,6,1
22,86,13,1
13,99,14,1
19,88,8,1
16,88,12,1
48,82,2,0
5,95,9,1
43,80,14,1
23,83,0,0
2,64,8,0
9,52,8,0
11,37,8,0
1,65,17,0
16,85,10,0
6,63,12,1
12,97,7,0
11,30,17,0
14,76,13,0
37,89,11,1
30,62,14,1
41,64,5,1
16,90,19,1
19,85,12,1
11,92,17,1
25,98,12,1
4,83,17,1
12,83,5,0
25,65,17,1
30,30,6,0
5,93,15,1
4,92,8,0
6,84,10,1
50,71,13,1
2,50,16,1
61,65,9,1
100,78,12,1
30,49,14,1
28,84,18,1
61,45,12,1
6,85,16,1
2,92,14,1
34,89,2,1
3,32,10,0
0,94,6,0
4,30,10,1
11,77,10,0
13,99,5,0
1,72,7,1
11,65,12,1
18,74,17,0
53,84,1,0
5,72,16,1
4,62,7,0
9,95,13,1
82,76,11,1
8,83,15,1
0,54,13,0
6,69,12,1
16,71,17,0
10,93,8,1
29,33,5,1
18,82,18,1
16,52,4,0
7,98,10,1
16,82,14,1
19,43,18,1
3,90,17,1
26,98,8,0
9,55,16,0
27,56,8,1
3,83,13,0
21,81,10,1
0,40,15,1
3,50,15,1
44,97,15,1
12,73,8,1
14,85,18,1
47,84,19,1
13,95,10,1
21,77,16,0
5,95,13,1
1,55,11,0
8,79,19,1
32,89,18,0
11,33,12,1
3,69,15,1
15,62,6,0
6,30,9,0
58,37,15,1
17,46,12,0
81,96,15,1
0,82,17,1
0,83,7,0
12,49,16,0
39,80,3,0
14,53,11,1
41,75,15,1
2,96,7,0
24,87,14,1
21,79,12,1
15,48,10,0
10,85,15,1
20,30,11,0
15,68,9,0
6,40,19,0
2,68,10,0
9,66,4,0
14,93,15,0
14,82,17,1
11,84,13,1
7,95,3,0
8,82,14,1
6,90,5,1
17,90,14,1
37,78,15,1
42,92,11,1
100,65,9,1
1,55,17,1
4,86,4,1
26,87,7,1
20,70,14,0
2,79,19,1
19,78,10,1
10,76,12,0
62,30,10,1
38,66,17,0
1,72,13,0
1,52,19,0
10,99,3,0
0,99,13,1
1,71,8,0
53,64,13,1
31,86,4,1
22,61,18,1
35,82,8,1
5,44,16,0
25,70,19,0
19,61,9,1
37,99,6,1
6,99,12,1
28,68,13,0
38,76,17,1
15,34,15,0
10,90,13,1
59,99,7,1
3,53,15,0
0,44,11,1
3,52,11,1
23,98,19,1
31,92,10,0
25,86,15,1
10,77,13,1
68,58,4,1
11,78,8,0
79,60,12,1
50,96,13,1
10,65,9,1
3,66,13,1
1,83,10,1
15,89,11,1
28,87,12,1
3,79,15,0
7,90,5,1
19,91,11,0
12,62,10,0
18,81,13,1
22,71,12,0
9,34,4,0
30,78,18,1
24,41,5,1
23,52,10,1
3,41,13,0
12,81,9,0
17,82,8,1
5,57,14,1
28,90,12,1
2,80,10,1
3,87,16,1
10,91,10,1
2,87,5,0
0,56,10,0
10,75,8,0
20,79,8,1
13,70,12,1
1,82,2,1
5,98,18,0
14,42,13,0
26,94,13,1
31,34,16,1
14,94,5,0
20,42,12,1
46,80,17,1
1,68,14,1
2,75,2,0
12,98,15,1
18,75,11,1
0,98,2,0
12,70,10,1
3,30,3,0
20,94,6,1
6,49,8,0
46,32,16,1
1,30,11,1
33,68,8,0
9,78,12,1
38,46,5,1
33,85,7,1
5,73,19,1
1,62,17,1
23,54,10,0
4,79,9,1
53,84,9,1
1,90,18,0
7,70,11,0
0,47,11,1
7,88,19,1
15,72,8,0
21,99,17,0
25,70,12,0
35,69,3,0
2,38,13,0
28,63,13,1
6,80,9,1
2,86,16,1
6,89,12,1
39,70,6,0
19,31,17,1
18,83,18,1
17,91,15,1
10,51,14,0
10,42,16,1
3,94,4,1
8,93,11,1
14,61,7,0
18,58,15,0
1,56,7,0
8,47,9,0
8,78,11,1
14,69,13,1
24,53,17,0
20,57,19,0
16,58,16,1
6,86,9,1
36,89,12,1
30,91,6,1
4,65,16,0
21,92,12,0
47,85,14,1
11,51,10,1
51,91,17,1
0,79,13,1
14,35,12,0
5,97,16,1
6,79,3,0
42,99,17,1
7,70,13,0
0,96,12,1
15,97,16,0
70,58,12,1
1,55,14,0
6,87,13,1
12,30,13,1
35,79,12,1
6,95,16,1
8,96,11,1
9,75,11,0
9,65,12,1
4,62,11,0
49,99,11,0
31,80,16,1
74,74,18,1
9,50,10,0
0,77,16,0
2,98,5,1
8,78,12,1
48,86,16,1
79,88,12,1
34,99,13,1
5,77,7,1
21,88,15,1
18,95,19,0
34,60,7,1
14,73,15,1
7,86,10,0
0,59,10,0
31,85,9,1
15,93,15,1
15,82,14,1
62,62,12,1
13,98,10,1
7,78,11,0
8,88,16,1
0,92,17,1
2,76,8,0
0,75,10,1
5,94,12,1
1,97,12,1
8,72,11,1
2,89,11,0
50,81,12,1
55,98,18,1
18,91,8,1
32,74,16,1
22,37,10,1
33,98,8,1
20,98,16,1
11,42,18,0
41,93,11,0
11,99,16,0
10,30,11,1
19,72,15,1
55,37,13,1
11,98,9,1
17,84,19,1
13,47,17,1
48,34,12,1
22,68,14,1
10,86,5,1
18,52,9,0
3,73,10,0
8,98,12,1
26,66,16,0
16,89,18,1
7,78,6,0
8,80,18,0
33,88,15,1
15,83,2,0
5,96,11,1
7,78,7,0
12,91,16,1
28,88,6,1
100,83,18,1
4,83,15,1
28,34,16,1
19,69,15,1
15,81,12,1
67,82,18,1
7,35,8,0
3,91,11,1
42,87,18,0
1,84,14,1
33,31,4,0
17,30,15,1
3,71,15,1
5,73,14,0
3,95,17,1
25,93,13,1
3,53,7,0
22,67,14,1
2,33,18,1
32,93,6,1
50,97,3,1
16,63,16,0
67,83,11,1
9,85,14,1
5,64,2,0
3,87,15,1
13,33,15,0
2,83,17,1
41,95,14,1
30,83,4,1
16,77,8,1
25,66,7,0
1,97,18,1
4,81,13,0
19,87,7,1
12,74,18,1
18,80,14,1
1,53,14,0
21,80,9,1
32,89,14,0
15,89,12,1
8,78,17,1
3,41,12,1
6,47,9,0
14,49,7,0
5,72,14,1
30,65,18,1
2,92,12,1
14,83,8,0
13,30,16,0
2,58,19,1
100,40,17,1
34,98,19,0
9,71,11,0
23,70,11,1
25,83,19,1
21,94,12,1
11,84,15,1
43,79,15,1
29,51,10,0
15,30,15,0
0,64,7,0
5,82,17,1
14,93,10,0
45,91,12,1
19,32,18,1
10,79,9,0
0,90,6,1
18,82,2,0
8,65,7,0
15,76,17,0
29,87,14,1
32,41,12,1
39,53,12,0
20,70,15,1
47,52,10,1
23,99,18,1
30,89,15,1
23,95,16,1
41,75,8,1
5,47,18,0
28,93,15,1
2,50,15,1
1,84,12,1
13,84,19,1
7,85,17,0
16,81,14,1
22,93,7,1
5,92,8,1
24,81,7,1
100,82,7,1
28,89,10,1
3,89,16,1
20,88,9,0
0,83,11,0
12,77,6,1
15,85,8,0
71,93,13,1
26,86,12,1
24,58,14,0
15,91,2,0
14,83,1,0
96,84,8,1
0,97,11,0
7,90,11,1
2,80,11,1
7,65,14,1
12,63,15,1
8,62,14,0
65,73,10,1
22,30,13,1
26,79,4,1
27,91,16,1
45,90,17,1
29,74,16,0
0,72,19,1
6,62,9,0
90,81,2,1
21,93,8,1
1,80,6,1
12,86,8,1
79,30,19,1
98,55,8,1
11,82,15,0
44,61,7,1
17,91,12,1
14,71,11,0
10,48,8,1
44,86,2,1
19,59,12,1
8,84,6,1
13,87,19,1
11,82,13,1
11,75,16,1
7,87,10,1
20,98,12,1
1,93,16,1
43,97,11,1
10,98,16,1
32,98,15,1
26,87,10,0
12,52,18,1
4,87,5,0
16,82,13,0
59,98,19,0
4,95,3,1
5,55,17,1
99,62,11,1
44,61,12,1
15,99,10,1
23,62,6,0
11,86,16,1
10,82,8,0
11,44,5,0
10,89,14,1
22,77,16,1
8,55,15,0
3,95,12,1
24,88,15,1
0,82,12,1
25,30,17,1
6,88,13,1
4,87,8,0
9,72,9,0
2,96,14,1
9,96,19,1
2,74,14,1
13,72,13,0
3,63,18,1
2,98,13,1
17,91,18,1
19,30,12,0
0,70,13,0
9,66,16,1
1,52,18,1
26,95,16,1
22,81,12,1
1,30,14,1
56,33,4,1
64,57,16,1
8,90,11,0
2,85,17,0
2,78,17,0
36,98,19,1
12,50,17,1
0,97,2,1
51,97,12,1
17,89,7,1
23,99,11,1
34,87,3,1
34,69,13,0
1,93,13,1
17,93,14,1
23,92,11,1
1,84,13,1
5,55,7,1
10,86,0,1
43,33,17,1
38,79,16,1
30,50,16,1
92,61,10,1
5,72,8,1
12,97,14,1
11,49,8,0
22,95,15,1
37,92,6,1
13,98,16,0
13,47,13,1
18,54,8,1
27,84,11,1
4,89,16,1
65,93,19,1
1,38,15,1
0,79,9,0
8,79,3,0
24,96,4,1
76,56,14,1
53,66,4,1
23,68,9,1
11,91,15,0
18,73,17,1
69,69,1,1
6,43,12,1
13,91,11,0
23,69,12,0
0,84,8,1
9,39,9,0
16,33,17,1
46,76,14,1
96,44,5,1
16,30,15,1
57,96,11,1
2,99,6,0
24,34,6,0
10,58,17,0
27,75,14,1
40,45,11,1
1,69,15,0
54,71,17,1
1,47,14,0
27,96,11,1
1,59,17,0
39,72,19,1
4,73,16,0
11,56,13,1
53,86,10,1
31,85,14,0
30,47,18,0
28,38,16,1
16,95,18,0
60,74,6,1
35,59,17,1
11,51,10,1
27,80,16,1
100,98,12,1
40,89,6,1
0,70,16,0
26,30,17,1
45,30,19,1
7,72,15,1
75,83,15,1
10,77,12,1
10,54,8,0
3,87,17,0
2,92,11,0
15,96,9,0
18,95,15,1
9,61,13,0
18,93,14,1
10,60,17,1
40,78,13,1
61,90,9,1
18,99,9,1
36,87,17,1
38,30,9,0
25,77,17,1
4,67,9,1
3,50,19,0
50,91,8,1
6,72,14,1
5,69,12,0
3,84,8,1
14,98,15,1
22,83,2,1
22,74,12,1
6,98,15,1
1,69,17,0
7,82,5,1
14,38,1,0
18,94,15,1
6,78,13,1
4,90,10,0
36,88,11,1
39,76,11,1
6,53,10,0
16,43,14,1
11,90,17,1
3,73,7,1
56,42,19,1
0,80,15,1
4,30,10,0
8,74,10,1
38,40,17,1
31,86,9,1
17,87,12,1
23,37,7,0
8,73,10,1
56,93,9,1
0,78,11,1
2,89,15,1
51,63,18,1
58,74,15,0
13,61,13,1
17,91,12,1
46,61,12,0
38,87,14,1
39,69,11,1
9,91,14,1
35,56,14,1
1,66,15,0
13,98,17,1
5,81,12,1
0,49,4,0
19,44,9,0
1,99,17,1
2,87,16,1
1,75,18,1
73,71,8,1
0,82,8,0
6,56,18,1
21,92,19,1
34,92,16,1
18,92,9,0
75,81,14,1
8,99,18,1
12,76,12,1
34,52,13,1
22,73,17,1
4,78,12,0
13,92,15,0
74,93,14,1
39,61,8,1
4,98,8,1
3,59,12,0
35,98,17,1
4,58,10,0
12,81,16,1
3,94,17,1
0,70,19,1
41,42,12,1
30,73,14,1
12,91,19,0
3,92,2,0
32,82,16,0
8,71,13,1
21,57,11,0
7,97,14,1
11,99,16,1
15,53,16,1
28,82,9,1
35,52,9,1
11,69,11,0
5,84,12,1
3,92,13,1
8,87,9,0
32,81,18,1
6,79,13,0
0,95,6,1
16,59,5,0
0,30,8,0
43,62,10,1
22,74,10,0
5,95,10,0
12,66,9,0
26,84,15,0
49,95,13,1
41,87,10,0
1,99,19,1
1,80,15,0
18,76,17,1
13,87,15,1
6,61,6,0
74,68,14,1
27,37,11,1
23,50,13,0
4,64,15,0
6,67,16,1
18,81,16,1
31,48,13,1
53,75,9,0
23,54,5,1
10,52,5,0
23,91,10,1
1,64,15,1
18,89,10,1
45,46,8,0
20,90,19,1
0,97,16,1
23,75,17,1
25,98,10,1
15,68,17,1
33,83,15,1
4,75,13,1
10,79,9,1
32,76,14,1
18,77,8,0
100,80,18,1
1,99,12,1
5,37,8,0
4,81,14,1
74,88,14,1
40,89,10,1
2,51,16,1
8,33,12,1
1,91,11,1
20,96,11,1
8,30,13,0
5,82,18,1
14,86,14,1
31,81,3,1
10,75,17,1
28,91,13,1
11,58,4,0
4,95,12,1
11,68,11,0
15,90,11,0
12,87,16,1
6,97,12,1
4,69,17,1
58,98,17,0
7,84,13,1
24,79,15,1
8,75,15,1
69,71,8,1
88,68,5,0
34,92,13,1
17,58,5,1
15,95,6,1
7,55,6,0
2,51,8,1
1,60,2,0
12,74,3,0
77,61,6,1
5,92,8,0
10,92,17,1
20,57,15,1
8,90,13,1
0,60,5,0
10,74,14,1
32,73,12,1
57,89,12,1
6,92,14,1
50,78,13,1
40,78,8,1
10,50,11,0
0,86,15,1
37,67,15,1
6,99,17,1
28,38,15,0
16,91,13,0
5,84,14,1
20,97,13,1
28,82,5,1
12,61,17,0
27,68,9,0
10,99,7,1
78,40,14,1
5,44,11,0
30,97,9,1
27,89,16,1
15,85,11,1
8,63,12,0
11,99,15,1
19,83,18,1
15,69,4,0
28,68,15,1
8,45,14,0
2,87,16,1
14,58,12,1
5,67,17,1
19,40,6,1
14,49,5,0
30,65,19,1
17,43,15,0
11,46,13,0
2,94,19,1
2,86,4,0
20,88,14,0
42,77,14,1
10,96,6,0
15,98,17,1
17,60,10,1
12,63,14,1
1,99,7,1
17,33,9,1
2,97,1,1
16,95,12,1
29,72,14,1
0,73,15,1
11,89,13,1
27,87,17,1
15,82,16,1
5,62,8,1
23,37,7,0
30,89,6,0
9,63,8,0
7,52,10,1
15,95,12,1
9,40,4,0
36,95,17,1
30,71,6,0
7,96,6,1
12,64,12,1
44,70,17,1
3,99,8,1
28,89,13,1
7,93,14,0
2,64,15,1
2,96,7,1
6,35,18,1
15,68,8,0
47,81,8,1
7,93,17,1
4,95,5,1
13,77,14,1
3,32,10,0
6,94,11,1
86,38,10,1
16,72,12,1
30,73,8,0
4,82,9,1
14,74,0,1
14,46,7,1
33,31,18,1
0,53,9,0
39,55,15,1
1,93,14,1
49,99,10,1
3,72,16,0
15,46,11,1
2,98,14,1
11,73,5,0
7,55,19,1
10,87,6,1
15,87,7,1
12,45,17,1
0,37,15,0
39,98,15,1
1,64,18,1
78,55,6,1
38,97,12,1
16,38,12,0
5,74,12,1
1,91,12,1
22,92,16,1
4,65,15,0
26,94,14,0
35,74,3,1
90,37,13,1
14,38,8,0
73,65,19,1
3,97,14,1
36,30,17,1
8,84,14,1
9,36,18,1
6,74,13,1
3,66,14,1
11,56,7,1
87,30,17,1
8,75,8,1
12,34,6,1
5,71,14,1
8,51,8,0
1,91,14,0
62,30,19,1
14,88,6,0
26,68,17,1
14,97,7,1
29,70,8,1
15,47,18,0
24,94,11,1
23,74,10,1
15,89,13,1
5,77,18,0
4,63,7,0
41,75,10,1
2,67,2,0
16,90,13,0
13,74,17,1
32,51,13,1
2,97,5,1
23,96,6,1
18,71,12,0
24,85,14,0
19,33,19,0
16,91,9,0
52,30,16,1
8,43,4,0
4,32,12,0
31,86,10,1
2,76,10,1
22,90,6,1
15,84,10,0
0,80,16,0
5,67,3,0
13,55,11,1
8,59,2,0
11,79,18,1
18,86,16,1
26,83,18,1
3,95,7,1
6,85,14,1
20,87,16,1
17,95,19,1
26,79,18,0
20,90,9,1
8,80,12,1
13,84,6,1
43,95,18,1
4,99,12,1
9,87,18,0
36,93,16,1
9,90,9,1
10,84,17,1
7,97,17,1
45,90,13,1
21,87,11,0
4,64,12,0
27,85,14,1
0,75,11,0
10,93,17,1
48,42,11,1
23,40,13,0
31,94,16,1
53,72,8,1
29,85,16,1
1,76,15,1
5,97,8,1
13,34,3,1
0,71,6,0
19,89,2,1
21,64,10,1
23,53,5,1
16,88,14,1
12,93,18,1
38,82,8,1
29,93,15,0
18,55,19,1
0,82,18,1
23,87,12,1
16,75,11,1
23,83,7,1
7,96,8,1
30,58,9,0
10,83,19,1
44,57,3,1
2,96,2,0
13,88,19,1
4,84,9,1
12,76,12,1
8,70,17,1
32,31,13,1
3,94,14,1
18,63,15,1
10,30,11,1
14,96,11,1
25,39,10,0
8,35,16,1
9,69,17,0
1,82,2,0
16,71,15,0
10,76,1,0
33,72,12,1
11,72,3,0
70,50,9,1
3,92,11,1
6,59,5,0
9,98,19,1
3,85,14,1
71,81,14,1
20,41,16,1
0,81,8,0
17,70,7,0
30,96,10,1
1,40,10,0
17,84,19,1
9,95,18,1
17,93,9,0
5,93,5,1
21,76,12,1
22,79,11,1
15,73,13,0
51,66,16,1
48,95,15,1
0,88,17,0
6,51,11,1
9,79,4,0
1,91,10,0
14,52,16,0
0,86,7,0
22,78,11,1
0,88,17,1
0,77,11,0
35,63,17,1
5,67,15,1
1,89,10,1
10,30,12,0
1,94,19,0
27,57,12,1
13,63,14,1
16,91,12,1
27,30,17,0
30,46,4,1
2,89,14,0
6,62,8,1
3,58,10,0
1,53,17,0
15,97,14,0
5,89,5,0
3,35,16,1
14,96,10,0
20,94,19,0
29,69,18,1
0,91,4,0
14,79,9,1
6,71,17,0
95,30,14,1
3,95,14,1
11,73,15,1
70,98,3,1
4,91,15,0
32,86,16,0
5,83,10,0
1,36,8,0
0,59,16,1
59,92,3,1
4,97,14,0
6,98,10,0
68,96,18,0
21,51,13,1
13,44,2,0
11,58,10,0
0,80,13,1
36,46,15,1
28,70,11,1
1,37,18,0
8,53,17,1
43,93,18,1
5,92,11,1
18,55,7,1
13,65,11,0
34,69,16,1
0,80,8,1
33,36,12,0
2,59,7,0
0,65,5,1
18,91,10,1
5,48,15,0
24,66,17,0
12,48,9,0
18,53,17,1
23,85,10,1
52,45,17,1
34,58,13,1
13,55,9,0
11,58,16,1
21,96,10,0
26,58,12,1
3,81,12,1
0,86,11,1
12,64,6,0
2,85,10,0
6,63,6,0
17,74,10,1
3,82,18,0
0,99,17,1
16,85,11,0
12,96,3,1
7,83,14,1
12,71,17,1
23,92,13,0
2,44,8,0
5,61,6,0
31,61,3,0
22,70,2,1
6,74,15,1
10,73,17,1
2,86,11,1
5,76,16,1
36,62,15,1
11,86,8,0
20,95,14,1
3,75,8,1
4,71,15,0
56,32,17,1
36,75,18,1
31,99,16,1
7,66,4,0
16,88,18,1
13,75,15,1
62,89,11,0
5,75,14,0
58,57,11,1
24,89,18,1
10,93,15,1
6,89,11,1
28,57,6,1
34,75,11,1
8,53,3,1
3,58,12,0
13,95,12,1
12,81,13,1
25,99,7,1
72,73,19,1
15,83,15,1
26,82,10,0
8,94,14,1
18,65,12,1
2,48,5,1
33,96,18,1
8,76,18,1
1,59,17,1
93,57,16,1
46,80,16,1
4,30,10,1
9,89,15,1
55,79,13,1
31,93,18,1
47,96,11,1
16,32,13,0
5,49,3,0
5,95,18,1
14,92,19,1
51,72,9,1
19,51,9,0
0,39,7,0
16,95,10,0
18,91,6,1
17,96,16,1
23,78,17,0
6,86,19,1
3,97,14,1
27,92,18,1
4,99,14,1
2,92,4,1
8,83,17,1
35,69,5,0
1,81,16,1
4,47,8,0
12,65,8,0
6,55,8,1
25,30,14,1
22,87,18,1
36,69,14,1
4,99,10,1
20,96,10,1
29,57,9,1
1,85,12,1
0,42,6,0
16,98,12,1
17,44,7,0
9,73,10,0
0,60,11,1
10,97,17,0
20,96,7,0
24,76,14,1
13,30,12,1
14,67,2,0
22,30,13,1
11,87,9,1
6,88,18,1
5,74,13,1
27,58,17,0
13,94,12,1
19,98,5,1
12,30,19,1
34,54,8,1
13,91,17,1
88,71,3,1
5,95,16,1
2,98,13,0
9,96,13,1
50,79,13,0
38,73,15,1
5,81,18,1
18,85,11,1
17,93,5,1
6,80,16,1
5,79,11,1
9,74,7,0
31,93,5,1
4,63,12,1
11,99,16,1
13,99,9,1
55,41,17,1
7,88,9,1
0,68,12,0
23,86,3,1
28,94,19,1
24,84,2,0
24,70,5,1
13,86,17,0
0,74,16,0
26,65,13,1
55,87,16,1
3,72,16,1
1,83,12,0
6,78,6,1
37,99,18,1
2,47,12,0
25,80,13,1
1,93,5,0
0,47,11,0
44,59,16,1
29,91,16,1
18,57,17,1
3,77,12,1
6,96,7,0
0,52,16,0
20,58,10,0
23,48,17,1
7,81,10,1
8,67,14,0
19,64,13,1
58,95,15,1
10,92,6,0
13,83,10,1
23,50,3,0
8,78,3,0
40,82,11,1
37,88,13,1
22,88,8,0
15,97,7,1
82,87,14,1
24,74,13,1
20,38,6,0
41,60,8,0
16,93,4,1
5,42,12,1
2,91,17,0
12,58,11,1
14,51,10,0
35,95,19,1
3,74,17,1
22,30,15,1
7,44,6,0
55,46,8,1
12,51,15,1
19,71,13,0
21,78,16,1
1,96,12,1
38,63,14,0
3,35,9,1
10,66,17,1
22,90,12,1
1,99,11,1
17,64,17,1
10,54,12,0
1,84,15,0
25,98,10,1
13,95,13,0
7,74,17,1
1,87,11,1
15,98,14,1
7,81,14,0
58,72,12,0
17,98,14,1
6,60,10,1
15,41,7,0
15,98,15,1
25,87,15,1
46,69,13,1
65,76,7,1
25,64,4,0
15,51,6,0
5,30,16,0
10,30,11,0
13,85,17,1
2,88,11,0
5,57,15,0
83,50,15,1
28,82,10,1
13,94,16,0
5,86,12,1
17,83,16,1
5,96,16,1
4,54,15,0
1,86,7,0
8,61,12,0
15,76,12,1
3,91,12,0
4,73,8,1
9,70,12,0
13,67,9,1
28,76,8,1
16,94,15,1
19,99,9,0
23,30,13,0
11,83,15,0
8,70,11,0
32,82,16,1
35,80,8,1
3,30,18,1
61,85,8,1
53,93,12,1
40,98,16,1
10,66,14,0
36,50,15,1
19,48,4,1
4,51,14,0
29,78,14,1
10,80,7,1
6,61,4,0
42,95,13,1
39,89,15,1
39,83,14,1
39,99,4,1
16,72,8,1
19,99,13,1
59,89,9,1
2,84,8,0
32,55,9,0
14,88,8,0
76,98,5,1
20,99,6,1
3,65,14,1
33,88,8,0
22,70,15,1
3,85,13,0
0,73,11,0
15,30,15,1
5,76,11,1
40,84,18,1
5,84,18,1
21,61,5,1
8,97,18,1
8,51,11,0
4,84,7,0
13,62,7,0
17,88,11,1
17,63,17,1
38,96,9,1
21,86,15,1
26,75,8,0
7,96,4,1
10,86,16,1
0,95,14,1
1,78,16,0
9,95,13,1
4,62,14,1
33,66,11,1
22,75,2,0
70,81,12,1
43,94,12,1
76,98,9,1
9,96,15,1
13,51,9,0
9,65,18,1
66,98,10,1
10,63,18,1
2,57,14,0
5,79,11,1
11,85,10,1
18,69,16,1
19,98,17,1
28,84,12,0
20,77,13,1
13,93,3,0
0,59,9,0
23,56,3,0
1,72,15,1
12,97,11,1
45,72,14,1
18,30,9,0
4,93,17,0
33,41,11,1
7,95,11,1
17,71,8,0
20,61,16,1
26,83,9,1
1,93,4,1
38,68,8,0
2,58,9,1
1,49,16,0
12,78,19,1
9,57,15,1
1,58,19,0
3,60,10,0
11,85,13,1
35,99,15,1
2,72,9,0
2,97,9,1
32,45,14,0
13,80,13,0
8,63,17,0
12,96,10,1
10,87,9,0
30,61,14,1
0,60,14,1
11,94,13,1
3,72,16,1
7,65,17,1
2,90,14,1
11,59,12,1
20,88,17,1
21,96,13,1
31,49,13,0
33,51,10,1
18,69,11,1
8,82,7,1
1,56,16,0
0,63,16,1
2,50,15,1
82,55,5,1
30,71,16,1
10,80,18,0
12,64,15,1
26,78,9,1
14,84,16,1
8,68,8,0
8,91,18,1
4,57,8,0
43,95,11,1
10,30,17,1
27,61,16,1
17,78,13,0
28,87,3,1
7,74,14,0
27,92,15,1
31,70,15,1
2,95,3,1
1,39,19,1
84,65,8,1
2,91,10,1
23,76,17,1
27,93,13,1
1,91,12,1
27,66,15,1
10,85,11,1
6,70,11,1
21,79,15,1
35,52,14,1
17,82,13,1
40,98,10,1
0,93,6,1
26,73,13,1
3,65,8,0
6,83,6,0
16,80,11,1
6,71,12,0
3,71,16,0
43,95,16,1
47,70,4,1
0,31,15,0
13,30,12,0
4,99,19,1
39,74,13,1
12,30,15,0
13,98,15,1
19,92,15,1
1,94,16,1
2,68,14,0
13,53,10,0
68,97,5,1
37,34,13,0
44,86,10,1
2,38,11,0
63,86,12,1
26,80,14,1
7,83,9,0
39,97,9,1
27,30,13,0
26,53,16,1
26,70,18,1
32,79,17,1
59,99,8,1
2,97,16,0
100,52,8,1
41,80,12,1
11,42,12,1
3,75,7,1
12,47,5,0
30,30,11,0
18,87,4,0
6,44,15,1
10,93,8,1
61,73,18,1
32,54,19,1
2,40,14,0
15,61,12,1
53,64,12,1
0,78,15,1
0,47,17,0
25,94,9,0
17,94,5,0
0,85,19,0
100,82,15,1
17,31,17,0
13,77,4,1
11,62,15,1
24,66,3,0
12,78,5,0
21,97,15,1
13,71,3,0
18,82,17,0
32,73,8,1
33,66,7,1
37,83,14,1
4,87,5,1
1,89,15,0
36,66,12,0
0,77,15,1
4,72,12,0
14,38,15,0
38,85,6,1
45,30,12,1
19,99,11,0
68,39,9,1
26,92,15,1
15,76,15,0
2,30,9,1
11,94,17,1
34,79,12,1
6,90,13,0
17,37,15,0
82,82,14,1
3,97,12,1
2,75,15,0
31,74,7,1
0,57,11,0
20,54,9,0
8,72,14,0
25,51,17,1
2,60,17,1
8,63,18,1
0,91,19,1
5,99,18,0
13,53,15,1
3,47,11,0
18,36,8,0
2,30,18,1
27,92,10,1
50,84,14,1
9,93,14,0
15,94,16,1
13,57,17,0
30,95,15,1
100,89,6,1
26,81,16,1
4,31,10,0
23,98,18,0
19,94,11,1
4,90,15,1
5,93,18,1
21,76,11,0
32,60,12,1
28,67,3,0
18,86,5,0
55,91,13,1
26,88,6,1
15,98,11,0
33,41,13,1
6,42,5,0
6,72,9,0
71,74,19,0
59,71,14,1
42,91,16,1
4,94,12,1
17,42,17,0
15,33,10,0
4,80,14,1
11,56,11,0
12,95,12,1
5,75,12,0
61,46,12,1
13,71,14,0
14,85,3,1
18,76,15,0
43,91,18,1
15,57,17,1
15,88,17,1
5,96,9,0
18,96,5,1
9,37,10,1
20,71,17,1
7,96,12,1
25,83,16,1
19,56,17,1
12,92,12,1
2,86,15,1
19,74,6,1
39,64,8,0
3,33,8,0
1,95,7,1
0,92,4,0
0,35,11,0
36,68,12,1
26,49,13,1
4,33,19,1
49,81,15,1
2,80,11,0
9,88,19,1
12,44,13,1
1,53,12,0
8,74,11,1
2,48,9,0
31,51,15,0
0,87,14,0
0,93,8,1
26,52,13,1
30,94,9,1
13,53,15,1
7,81,8,0
5,83,14,0
2,86,16,1
13,63,3,1
13,83,9,1
12,80,6,0
30,68,14,1
2,30,13,0
22,85,14,0
10,89,16,1
5,93,12,0
22,88,6,1
4,67,3,0
5,91,6,0
100,44,13,1
43,90,6,1
23,69,12,1
7,78,15,1
15,89,14,1
2,93,18,0
8,92,10,0
1,30,12,0
18,38,6,0
38,45,19,1
33,61,3,0
38,47,10,0
3,72,16,1
21,96,17,1
62,65,14,1
30,57,15,1
0,73,14,0
42,77,17,0
24,83,18,1
2,94,16,1
7,73,2,0
2,69,16,0
26,69,11,1
0,84,14,0
12,75,13,0
100,86,9,0
38,78,16,1
17,50,13,1
23,90,13,1
18,91,19,1
33,56,17,1
43,71,11,1
29,91,11,1
4,51,5,0
9,47,11,0
30,94,10,1
34,91,14,1
19,63,3,0
25,91,10,1
3,96,13,1
9,68,16,1
15,48,12,1
82,77,12,1
32,73,15,1
4,58,17,1
8,84,15,0
4,61,12,1
3,88,15,0
2,94,17,0
67,30,7,1
47,71,13,1
13,47,16,0
15,60,12,0
36,79,11,1
20,77,13,1
26,62,8,1
31,94,6,1
13,61,9,1
73,88,4,1
19,88,12,1
20,88,13,1
3,91,16,1
88,90,13,1
1,76,7,0
84,88,10,1
48,50,14,1
38,92,13,1
22,88,10,1
18,55,13,1
100,75,8,1
72,55,9,1
33,46,14,1
1,55,15,1
9,47,10,1
40,92,11,1
24,88,8,0
2,96,8,1
8,97,7,0
0,88,12,1
44,98,19,1
27,86,10,1
11,80,5,0
28,69,17,0
54,83,11,1
6,93,14,1
6,99,15,1
13,30,19,0
24,30,11,0
99,47,13,1
3,65,9,0
8,70,15,1
9,84,17,1
25,93,5,1
43,86,17,1
4,98,7,1
25,90,10,1
48,44,12,1
2,43,18,0
20,85,17,1
4,60,11,0
11,86,11,1
2,98,13,0
23,63,15,0
10,99,8,1
16,32,7,0
14,95,4,0
23,75,9,0
45,68,18,1
6,60,12,1
18,89,16,1
17,91,15,1
7,84,6,0
13,79,13,1
0,30,14,1
11,84,16,1
6,76,11,1
39,91,19,1
8,85,18,1
4,99,7,1
15,86,14,1
33,95,10,1
8,60,19,1
37,60,9,0
7,43,12,0
26,72,6,0
2,95,13,1
1,42,14,0
26,81,9,1
9,56,13,0
9,93,9,0
17,63,5,0
86,65,12,1
3,90,11,0
7,30,13,0
20,96,14,1
24,85,17,1
24,78,16,1
18,57,8,1
17,95,11,1
3,40,9,0
35,40,12,1
0,88,16,1
10,90,10,1
4,95,17,1
2,56,10,1
7,64,16,1
21,78,7,1
13,88,10,1
41,76,8,1
18,76,10,0
5,89,19,1
14,73,5,1
5,99,8,1
3,89,17,0
62,80,8,1
12,59,19,0
21,75,11,0
41,54,11,1
7,61,13,1
31,63,4,0
31,45,10,0
34,99,14,1
4,88,2,0
65,99,5,1
6,99,4,0
29,68,14,1
3,90,6,1
51,88,12,0
11,94,16,1
22,67,14,1
37,82,19,1
6,97,16,1
9,78,18,1
7,60,13,0
6,64,11,0
14,50,14,0
15,98,19,1
1,45,12,0
22,56,16,1
10,87,15,1
44,85,12,1
43,60,12,1
25,88,19,1
38,81,14,1
51,90,8,1
17,96,16,1
71,93,10,1
62,92,9,1
2,74,15,1
14,64,19,1
2,94,4,0
23,95,17,1
28,82,15,1
43,93,14,1
20,72,11,1
12,87,13,1
3,77,15,0
2,51,2,0
13,70,12,0
35,51,2,0
27,63,17,1
42,80,6,1
33,96,5,1
4,92,7,0
4,54,6,1
12,96,12,0
4,88,11,1
4,93,10,0
6,44,12,0
0,59,5,0
16,32,11,1
10,57,7,1
5,85,9,1
2,55,15,1
12,99,9,1
18,68,11,0
72,57,17,1
5,87,2,0
0,63,8,0
26,45,13,0
5,93,17,1
13,90,3,1
33,97,9,0
0,96,17,1
3,70,18,1
2,44,5,0
5,57,14,0
3,90,14,1
7,47,13,0
27,80,8,0
0,91,10,1
1,92,17,1
16,80,11,1
14,80,17,1
12,79,15,1
14,74,5,0
27,74,11,1
17,90,16,1
12,97,10,1
1,74,7,1
73,74,9,1
5,38,15,0
40,80,17,1
9,93,18,1
23,84,18,1
12,64,13,1
8,70,9,0
19,72,15,1
15,78,14,1
5,76,14,0
8,63,11,0
0,69,18,0
4,72,18,1
8,44,18,1
71,92,9,1
14,61,7,1
24,75,10,0
22,96,17,1
79,88,12,1
16,95,7,1
17,91,11,0
7,93,16,1
19,97,18,1
28,91,14,1
2,66,18,0
13,68,13,1
10,94,14,1
2,99,1,1
8,75,11,0
15,55,18,1
20,98,8,0
6,67,9,1
12,65,19,1
26,75,7,1
10,51,13,0
56,99,15,1
0,98,11,0
6,86,13,0
2,67,2,0
15,87,7,1
3,75,10,0
27,85,14,0
50,37,18,1
4,74,15,1
47,78,10,1
19,97,5,1
4,85,19,1
26,63,11,1
1,50,14,1
23,41,15,1
39,82,15,1
60,92,14,1
1,85,18,1
1,49,7,0
53,95,13,1
31,56,15,1
29,66,6,0
27,98,14,1
25,77,8,0
18,82,11,0
33,61,7,1
0,76,11,1
26,67,8,0
17,79,10,0
47,76,13,1
55,31,17,1
5,95,13,1
31,82,18,1
62,94,12,1
6,79,12,1
38,53,19,1
17,57,14,1
10,86,7,1
34,69,14,1
40,69,8,0
6,93,7,1
31,91,7,1
1,81,18,1
10,79,17,1
1,78,12,0
6,34,17,1
60,82,9,1
26,63,19,1
28,55,10,1
2,76,19,1
17,88,12,0
9,83,13,0
26,67,11,0
3,79,9,0
6,97,18,1
45,71,9,1
3,58,7,0
20,97,11,1
7,42,15,1
1,73,17,1
5,98,6,0
40,54,6,1
48,74,16,1
10,89,12,1
19,82,1,1
14,40,11,0
6,89,14,1
8,83,4,0
14,98,16,1
23,76,14,0
8,87,19,1
24,82,13,1
64,51,11,1
0,91,17,1
3,91,3,1
49,76,13,1
1,79,5,0
28,34,4,1
19,90,6,1
0,93,8,0
0,80,15,1
13,39,11,0
2,74,18,0
41,81,11,0
13,97,19,1
5,89,14,1
3,71,18,1
36,71,14,1
25,56,5,0
25,67,10,1
1,82,14,0
19,63,5,0
40,51,17,1
29,36,6,0
2,48,14,1
59,72,13,1
1,70,15,0
16,48,17,1
58,74,19,1
34,99,9,1
22,94,14,0
38,99,14,1
22,65,13,0
1,71,16,1
8,34,15,1
11,83,17,1
15,75,11,1
5,66,15,0
42,30,12,1
5,58,2,0
21,54,16,0
41,87,13,1
26,56,9,0
2,86,6,0
60,55,17,1
1,91,2,1
4,98,13,0
2,94,14,1
21,84,18,1
32,80,9,1
5,98,13,1
77,88,19,1
2,31,10,1
7,99,16,1
13,59,17,1
33,91,8,0
9,59,6,0
3,51,13,0
12,75,7,0
12,48,19,1
0,95,9,1
0,89,10,0
6,59,14,0
27,61,13,1
9,71,8,1
4,40,11,0
2,67,7,0
6,70,7,1
13,83,8,1
1,82,11,1
0,91,8,0
2,84,15,1
26,93,14,1
12,69,15,0
11,98,13,1
0,34,11,0
24,94,11,0
4,68,14,0
1,78,17,1
36,52,10,0
13,42,18,1
27,66,13,1
34,71,5,1
66,99,9,1
19,69,18,1
1,70,11,0
16,91,14,1
14,63,14,0
1,94,14,1
7,98,8,1
10,86,15,1
3,92,11,1
0,71,16,0
28,77,15,1
38,82,3,1
5,54,7,0
0,96,9,0
44,94,13,1
2,97,5,0
10,97,12,0
9,97,16,1
3,45,8,0
18,30,5,1
50,82,13,1
14,52,14,0
72,59,5,1
4,52,11,0
37,75,17,1
5,38,14,0
5,85,13,1
2,98,6,1
39,81,19,1
25,67,7,0
8,90,10,1
8,85,15,0
37,30,9,0
52,83,15,1
18,83,13,1
10,67,12,1
1,96,11,1
2,93,13,1
3,30,17,0
6,76,12,1
5,95,8,1
15,60,16,1
57,95,16,1
39,76,8,1
14,82,11,1
0,87,9,1
1,74,10,1
39,63,15,0
6,81,5,0
7,76,13,1
3,85,17,1
5,68,14,1
5,90,12,1
10,66,17,1
19,71,9,0
8,98,16,1
11,75,9,1
4,61,12,0
1,92,14,1
8,77,13,0
1,89,11,0
7,49,10,1
36,87,11,1
9,71,17,1
4,68,16,0
46,95,18,1
20,84,16,1
88,74,12,1
7,37,11,0
4,99,12,1
7,87,9,0
33,92,14,1
3,87,9,0
5,86,5,1
24,80,8,1
26,97,18,1
63,74,11,1
78,63,14,1
21,67,15,1
9,77,10,1
12,48,9,0
11,65,15,1
9,66,15,1
8,68,5,1
3,92,6,1
9,69,17,1
69,49,11,1
42,98,10,1
19,94,7,1
4,88,6,0
42,99,18,1
7,80,8,1
15,65,12,1
48,92,12,1
8,98,10,0
48,92,12,1
5,99,9,0
52,82,16,1
8,90,18,1
9,91,6,1
16,94,16,1
8,87,17,1
11,74,9,0
13,64,15,1
13,74,19,0
64,62,9,1
6,89,13,1
6,86,17,1
36,64,16,1
9,98,14,1
1,30,4,0
13,42,13,1
15,98,9,1
19,58,10,0
5,99,18,0
72,76,8,1
26,62,7,1
25,84,16,1
41,54,9,1
0,77,14,1
18,98,18,1
34,99,11,1
0,56,15,0
28,63,18,0
91,98,14,1
17,92,7,1
11,82,15,0
12,49,8,1
22,36,12,1
16,92,9,1
30,41,17,1
10,87,10,0
10,60,14,0
27,84,11,1
20,77,11,1
30,64,10,1
43,39,12,1
6,83,9,1
7,93,17,1
14,59,11,1
53,74,6,1
35,97,3,1
12,99,15,1
17,96,12,1
24,67,6,0
14,83,15,1
2,65,11,1
8,47,16,0
0,36,10,0
22,46,7,1
8,77,9,0
26,30,10,0
11,99,9,0
0,78,6,1
9,98,8,1
4,96,12,0
4,70,9,1
9,74,5,0
76,72,13,1
64,82,14,1
32,68,5,1
5,71,3,0
28,96,9,1
0,89,9,1
1,86,14,0
36,54,12,1
16,98,7,1
9,50,16,0
26,76,17,1
2,70,15,0
6,92,8,1
26,66,9,0
4,64,10,1
18,56,6,1
11,91,11,1
4,93,5,0
43,92,18,1
11,58,9,0
18,67,14,0
5,79,9,0
8,95,10,1
1,74,15,1
13,62,7,1
8,71,12,0
7,72,15,1
44,82,12,1
24,74,5,1
12,44,14,1
4,73,8,0
72,94,17,1
1,98,15,1
2,54,14,1
6,62,8,0
61,40,16,0
6,99,14,1
13,97,8,1
28,70,8,1
52,30,4,1
18,97,9,1
9,68,8,1
84,87,18,1
0,85,16,0
35,77,4,1
6,60,13,0
34,32,12,1
3,36,11,1
8,73,18,0
1,30,10,0
4,84,17,0
18,63,15,1
28,79,7,1
48,92,15,1
2,85,13,1
3,73,10,1
55,92,6,0
29,73,17,1
15,97,9,0
12,78,9,0
3,77,4,0
9,86,17,1
9,92,16,1
20,99,10,1
18,58,10,1
1,91,11,0
37,96,17,1
55,73,7,1
30,63,13,1
3,69,5,0
3,62,9,0
25,80,18,1
11,50,6,0
30,74,7,0
1,90,9,1
25,60,5,1
11,96,4,0
0,96,10,1
15,64,3,0
24,92,14,1
15,67,15,1
2,69,13,1
33,39,10,1
7,87,8,1
50,75,16,0
47,70,12,1
4,99,12,1
12,30,13,1
2,65,1,0
22,83,8,1
38,98,13,1
20,76,9,0
6,94,11,1
1,69,16,1
1,66,11,1
18,76,16,1
61,92,14,1
23,69,6,0
26,36,4,0
7,88,10,1
17,84,10,0
7,93,8,1
46,74,15,1
2,89,18,1
19,91,12,1
26,54,11,1
23,74,14,1
5,86,11,1
13,73,5,0
21,81,6,0
53,79,9,1
13,46,5,0
7,89,11,1
9,43,9,0
15,75,10,1
74,89,9,0
19,82,18,1
3,87,14,1
37,95,9,0
4,82,16,0
0,75,13,0
2,77,12,0
30,96,4,1
46,93,17,1
6,92,17,1
13,80,7,1
18,84,11,1
10,62,17,0
1,75,16,1
1,62,8,0
11,79,15,1
31,85,11,1
1,68,15,1
4,42,9,0
6,81,7,0
16,76,10,1
0,36,14,1
39,43,13,1
12,91,15,0
13,95,13,0
7,79,10,1
4,51,17,1
9,49,11,1
48,42,13,1
1,85,9,1
1,96,17,1
2,59,7,0
30,59,16,1
0,86,12,1
8,88,6,1
11,51,15,0
14,36,9,1
0,72,14,1
13,77,15,1
4,93,15,1
2,86,11,1
15,81,13,1
27,97,5,1
54,62,16,1
48,70,5,1
10,66,18,0
24,87,11,0
23,77,9,1
10,92,11,1
2,94,12,1
9,58,18,1
97,93,13,1
16,68,12,0
8,87,15,0
27,92,9,0
23,87,10,1
17,97,18,1
20,78,16,1
17,87,4,1
62,89,12,1
14,47,4,0
17,84,9,1
12,79,4,0
18,82,14,1
44,49,6,1
8,34,8,0
13,58,18,1
11,39,16,0
10,85,15,1
34,98,10,1
5,85,16,1
13,57,16,0
51,95,15,1
3,98,15,0
0,41,18,0
6,49,14,0
51,72,11,1
1,97,14,1
2,83,4,0
7,67,12,1
29,82,19,1
27,85,10,1
1,30,17,0
54,89,4,0
5,59,6,0
6,87,8,1
9,92,16,1
20,94,18,1
14,95,7,1
52,58,14,1
16,92,14,1
38,95,11,1
1,93,19,1
38,97,8,1
4,72,9,0
9,86,18,1
7,85,9,1
8,93,15,1
50,63,12,1
11,72,15,1
6,65,12,0
6,84,16,1
32,80,11,1
15,45,17,0
11,83,4,0
52,42,17,1
53,57,13,1
28,89,7,0
14,76,6,1
2,82,14,0
24,90,17,1
33,72,14,1
38,90,12,1
17,58,13,1
19,99,7,0
24,78,11,1
41,55,14,1
0,72,18,1
16,63,19,0
9,74,6,0
35,91,4,0
2,84,12,0
48,88,5,1
2,80,6,0
1,30,9,0
8,90,17,1
100,76,8,1
20,89,14,1
0,83,6,0
5,89,16,1
3,61,13,0
0,56,18,1
14,85,15,1
9,80,1,0
19,80,10,1
4,91,14,1
35,56,12,1
9,61,11,0
13,67,15,0
26,59,16,1
3,71,5,0
6,80,15,1
3,88,10,1
29,49,7,0
2,94,18,0
13,50,16,0
27,93,12,1
14,87,14,0
14,89,19,1
1,73,19,1
30,94,15,1
18,89,13,1
22,53,16,1
29,94,15,1
16,78,18,1
14,92,15,0
21,71,18,0
46,96,16,1
20,60,10,0
31,55,13,1
13,93,4,0
17,83,15,0
3,83,16,1
13,70,2,0
3,98,11,0
12,38,9,0
1,67,15,1
17,70,5,1
6,67,8,0
36,37,14,0
9,83,13,1
49,61,18,1
12,78,9,0
37,62,9,1
7,73,13,1
12,89,15,1
20,58,4,0
5,73,4,0
21,88,10,1
6,90,12,1
13,74,11,1
0,63,4,0
1,93,6,1
5,82,12,1
32,74,9,1
21,31,17,0
44,94,17,1
47,94,10,1
9,84,10,1
9,97,5,1
36,66,17,1
11,98,9,1
38,69,6,1
14,87,12,1
11,84,11,0
6,88,11,1
2,65,13,0
14,88,19,1
7,63,18,1
5,98,17,1
3,64,14,1
9,91,8,1
16,70,13,1
36,35,19,1
34,85,16,1
38,49,6,1
17,63,12,0
16,64,17,1
47,50,16,0
6,75,9,1
3,30,14,0
1,89,5,0
42,63,18,1
9,97,13,1
13,94,13,1
32,36,2,1
9,89,5,0
40,86,17,1
7,73,14,1
26,60,10,1
22,71,10,1
4,92,9,1
2,84,19,1
2,33,14,1
21,87,7,0
0,54,12,0
21,82,7,1
30,62,9,1
7,64,16,0
27,89,8,1
3,98,12,1
64,41,18,1
5,69,13,1
13,58,13,0
78,82,2,1
47,99,12,1
21,35,17,0
9,90,13,0
24,67,10,0
12,46,13,1
2,90,19,0
31,36,15,1
41,66,9,1
10,44,18,0
21,86,16,1
0,98,16,1
4,68,18,0
16,79,16,1
6,44,12,0
57,78,15,1
36,65,14,1
21,81,13,0
100,88,9,1
5,35,11,0
50,30,18,1
7,66,18,1
18,88,14,0
11,98,15,1
11,93,10,1
28,44,5,1
8,30,13,0
14,90,17,1
4,52,19,1
28,92,8,1
16,43,9,0
5,88,19,1
6,89,15,1
6,77,14,1
24,44,8,0
18,82,11,1
34,88,15,1
16,80,8,1
7,73,16,1
65,79,16,1
43,69,16,1
6,78,6,0
48,63,17,1
25,88,11,0
10,76,18,1
12,91,13,1
11,84,19,1
31,81,10,1
3,75,3,0
1,56,12,1
13,85,12,1
6,37,9,0
16,35,17,1
76,90,12,1
22,50,14,1
63,78,11,1
26,84,15,1
1,96,18,1
44,88,15,1
4,72,8,0
40,52,17,1
27,89,10,1
36,72,15,1
5,92,19,1
32,60,9,1
18,30,5,0
1,72,13,1
43,84,11,1
41,42,10,0
16,61,7,0
12,79,11,0
10,63,7,0
18,74,12,0
36,82,16,1
16,82,9,1
2,86,17,0
7,91,12,1
22,69,17,1
20,69,2,0
14,64,15,1
5,96,13,0
6,96,15,1
13,93,7,1
10,66,2,0
7,55,10,0
35,86,15,1
14,92,16,0
13,78,13,1
11,30,9,0
22,93,17,1
3,64,11,1
57,88,15,1
2,87,17,1
24,77,7,0
24,85,17,1
2,98,11,0
99,72,9,1
0,82,19,1
9,81,12,1
11,89,16,0
32,80,17,1
0,54,13,0
16,71,19,1
4,94,9,1
17,77,16,1
20,67,15,1
0,93,11,1
1,45,16,0
1,80,13,1
38,97,8,1
52,89,8,1
11,30,15,1
41,56,12,1
12,87,15,1
10,93,14,0
15,59,6,0
31,95,15,1
5,54,9,0
7,58,17,1
37,48,13,1
49,39,12,1
2,86,13,0
24,81,15,1
0,55,13,0
5,92,16,1
1,85,12,0
14,59,10,1
8,41,6,0
2,57,13,0
0,96,7,1
9,70,12,0
6,94,8,1
0,98,11,0
38,89,17,1
10,60,12,1
29,94,12,0
10,75,6,0
1,67,10,1
10,89,6,1
43,93,13,1
0,65,14,1
45,99,11,1
21,94,17,0
100,85,14,1
49,90,7,1
40,68,15,1
0,79,15,1
6,31,5,0
9,97,16,1
24,30,7,0
20,62,10,1
3,47,18,1
26,92,17,0
3,65,15,1
12,97,10,1
17,83,6,1
40,54,12,1
19,90,11,1
61,83,9,1
100,96,15,1
14,82,16,0
1,93,13,1
0,97,12,0
38,54,18,1
13,55,8,0
9,97,7,1
6,92,12,1
6,94,12,0
1,85,18,0
7,86,9,0
20,66,16,1
9,74,12,0
59,44,2,1
22,74,11,0
39,99,16,1
2,90,12,1
11,74,15,0
0,67,18,1
45,98,9,1
3,79,16,1
32,87,14,1
51,77,11,1
11,56,15,0
9,83,16,1
18,92,4,0
26,72,3,1
20,82,18,1
0,70,13,0
30,41,17,1
3,58,17,1
11,97,15,1
6,72,16,1
52,71,17,1
13,71,17,0
14,81,14,1
1,94,11,1
45,92,14,1
5,98,14,0
10,91,7,0
84,66,15,1
2,95,16,1
25,90,16,1
6,99,9,1
10,89,15,1
10,51,9,0
53,95,5,1
0,99,13,0
9,88,8,0
38,57,8,0
48,39,13,1
7,76,13,1
5,30,10,0
12,45,9,0
27,68,19,1
3,59,15,1
30,83,13,1
14,83,5,1
3,39,15,1
22,95,18,1
19,75,15,1
19,30,10,0
28,87,10,1
3,78,14,0
23,80,14,1
43,96,15,1
15,99,7,1
13,95,18,1
31,45,4,0
3,88,15,1
8,55,7,0
38,57,11,1
13,86,16,1
36,30,18,0
5,92,15,1
9,87,17,0
34,87,14,1
3,94,9,0
45,99,11,1
7,51,11,0
72,87,2,1
35,75,15,1
12,64,19,1
27,68,16,1
16,88,10,1
38,98,14,1
14,75,9,1
88,71,12,1
2,90,15,0
22,75,18,1
5,47,15,1
4,30,13,0
10,46,17,0
9,91,12,1
0,80,11,0
11,98,14,1
60,77,8,0
12,82,6,1
7,72,1,1
59,41,11,1
14,61,11,1
6,90,13,1
30,69,13,1
5,91,19,1
5,57,9,0
7,66,8,0
10,96,10,1
17,33,8,0
14,97,12,0
27,92,13,1
25,93,1,1
0,80,18,1
2,86,9,0
4,91,17,1
18,88,3,1
45,37,6,1
7,83,8,1
66,99,14,1
3,78,13,1
51,87,18,1
32,96,19,1
9,84,9,1
4,86,11,0
9,74,16,1
4,94,16,1
16,87,9,1
17,81,12,1
29,56,17,1
15,91,10,0
8,94,10,1
48,82,16,1
1,75,19,1
33,89,9,0
10,71,7,1
3,73,9,0
2,33,7,0
4,88,9,1
2,77,8,1
12,89,16,1
8,66,1,0
8,66,16,1
3,57,17,0
21,81,18,1
18,76,11,0
80,62,12,1
3,87,16,1
35,78,9,1
0,86,11,1
1,83,6,0
20,33,15,1
10,50,19,1
5,90,6,1
0,97,18,1
21,62,9,1
11,89,7,1
3,97,15,1
71,94,13,1
8,65,17,0
7,87,17,1
14,95,12,1
6,47,5,0
6,97,5,0
67,92,4,1
6,99,14,0
18,43,15,1
0,52,19,0
3,70,16,1
0,94,19,1
15,42,16,1
13,86,17,1
8,95,7,0
24,94,14,1
19,57,15,1
18,74,4,0
8,61,10,1
7,63,13,1
41,96,14,1
15,61,16,1
6,98,7,1
15,98,15,0
6,73,19,1
4,33,18,0
6,97,3,0
19,80,9,1
14,87,13,0
3,99,17,1
47,52,7,1
13,55,9,0
31,69,16,1
8,78,13,1
63,89,9,0
27,73,13,1
12,99,8,1
46,77,13,0
25,65,19,0
11,60,7,0
73,94,18,1
7,89,8,1
5,96,8,0
45,76,10,1
24,64,11,0
8,87,16,1
5,69,3,1
3,75,5,0
7,95,17,0
2,68,7,0
3,65,18,1
29,58,10,0
1,56,11,1
11,68,12,0
10,97,13,1
64,92,18,1
12,30,18,1
3,98,16,1
1,79,17,0
26,30,17,1
3,88,6,1
55,59,18,1
16,87,13,0
10,71,11,0
23,66,11,0
4,59,11,0
9,54,6,0
0,53,7,0
42,89,14,1
11,60,17,0
28,81,17,1
49,54,14,1
21,84,12,1
9,79,13,1
19,89,14,1
8,76,13,1
16,80,12,1
11,99,13,1
3,97,17,1
30,96,13,1
13,92,15,1
4,88,10,1
44,90,10,1
38,80,7,1
16,51,14,1
70,93,19,1
52,99,1,1
45,99,6,1
2,82,13,0
6,41,16,1
10,93,14,1
35,97,9,1
40,53,12,1
27,63,13,1
12,67,15,1
3,55,14,1
0,72,4,0
24,88,12,1
100,99,16,1
8,48,14,0
16,52,8,0
33,87,17,1
4,97,9,1
35,83,15,1
19,70,12,1
16,98,16,1
28,92,10,1
5,30,13,1
19,93,7,1
5,48,13,1
3,88,16,1
19,72,0,1
6,39,12,0
25,66,10,1
14,80,17,1
23,47,14,1
44,56,6,1
2,93,15,0
1,70,10,1
10,93,19,1
25,49,11,0
43,51,14,1
0,65,15,1
31,99,8,0
1,88,9,0
17,54,15,1
8,74,13,0
0,80,4,0
2,57,16,0
8,68,15,1
61,60,2,1
3,85,14,0
6,98,16,1
100,97,8,1
13,95,13,1
6,68,13,0
19,68,10,1
11,76,16,0
39,84,11,1
0,88,16,1
100,46,11,1
1,53,13,0
15,55,19,1
23,71,12,1
15,55,8,0
7,78,17,1
38,59,15,1
11,79,16,0
7,91,14,0
29,60,18,0
3,74,12,0
4,60,13,1
5,74,9,1
11,62,7,1
0,51,12,1
96,48,5,1
18,49,7,0
70,67,17,1
32,96,10,0
2,80,12,0
4,72,18,0
0,82,14,0
35,80,11,1
18,49,11,0
4,80,19,1
70,99,2,1
26,97,14,1
24,80,12,1
6,94,18,1
7,74,14,1
22,56,15,1
18,88,7,1
20,90,16,1
42,76,7,1
3,97,17,1
2,97,10,1
16,91,17,1
13,78,15,1
10,56,18,1
47,92,7,1
16,60,8,0
16,76,13,1
9,97,15,1
8,84,7,0
87,63,3,1
19,99,13,1
34,99,16,1
11,81,3,0
4,98,9,1
7,82,14,1
8,90,13,1
16,51,9,0
3,93,10,0
9,90,9,1
2,37,12,0
13,96,9,1
58,92,13,1
8,65,18,1
1,34,15,0
18,81,9,0
20,53,12,0
13,70,9,1
10,79,13,1
44,86,2,0
55,62,18,1
22,70,19,1
13,57,16,1
1,81,9,1
7,47,17,0
6,91,13,1
1,77,7,1
37,46,12,1
40,85,5,1
48,30,13,1
27,59,18,1
24,65,12,1
12,78,9,1
38,56,11,0
14,96,15,1
0,66,16,1
17,71,16,1
9,72,18,0
14,36,16,0
11,63,16,1
13,82,15,1
2,81,12,0
0,81,8,1
8,54,11,0
5,42,18,1
5,99,16,0
55,95,4,1
34,97,13,1
0,89,7,0
0,88,19,1
30,54,12,0
83,87,18,1
12,84,11,0
11,88,15,1
6,53,7,0
21,75,11,0
12,76,18,1
3,98,18,1
13,54,9,1
9,47,9,0
44,51,11,0
29,73,9,1
24,97,16,1
7,30,8,0
3,77,13,0
40,57,16,0
8,99,9,1
17,73,18,0
17,77,4,0
52,74,10,1
3,73,2,1
29,94,11,1
12,86,15,1
3,77,14,0
36,40,14,1
34,91,13,1
0,96,11,1
24,67,9,1
3,94,17,0
18,54,9,1
20,92,15,1
21,99,18,1
2,57,17,1
18,45,9,1
2,72,13,0
27,30,1,0
1,82,5,0
28,75,14,0
42,72,15,0
7,71,17,0
30,97,8,1
10,58,17,1
31,92,15,1
23,89,12,0
6,95,17,1
4,92,8,0
49,77,9,1
36,95,12,1
21,82,15,1
8,60,11,1
14,96,12,0
16,99,19,1
1,55,15,0
71,92,15,1
1,85,12,1
25,69,14,0
13,78,8,1
28,58,19,1
6,76,19,0
10,96,3,1
14,68,16,1
2,93,15,0
38,87,19,1
95,30,19,1
10,88,17,1
9,64,15,1
18,81,8,0
23,93,19,1
40,83,5,0
9,96,7,1
28,68,12,1
5,84,9,0
22,79,8,1
12,46,9,0
21,66,15,1
9,48,9,0
6,51,15,1
13,78,9,0
45,72,5,1
22,91,18,1
18,62,5,0
25,70,9,1
26,87,15,1
6,59,16,1
5,94,11,1
14,67,12,0
3,99,5,0
12,78,15,1
23,96,14,1
0,99,17,1
2,95,7,1
65,89,5,1
52,97,15,1
10,91,9,1
17,31,10,0
3,47,14,0
8,92,13,1
31,85,14,1
38,79,18,1
10,57,17,1
7,99,10,1
22,82,12,1
25,87,5,1
82,54,11,1
23,31,15,1
5,86,14,1
1,83,1,1
5,98,11,1
5,73,12,0
1,65,10,0
11,91,15,1
6,81,4,1
51,30,13,1
10,88,14,1
41,80,8,1
7,88,18,1
35,55,16,1
12,78,10,1
0,92,17,1
13,93,14,0
5,38,15,1
7,92,8,0
23,80,15,1
15,73,12,1
43,48,15,1
54,49,15,1
23,73,12,1
39,49,9,1
4,87,11,1
1,59,9,1
8,78,19,1
7,85,16,1
21,77,13,1
36,34,16,1
7,32,16,0
11,82,15,0
2,83,10,1
10,99,6,1
4,94,12,1
9,89,14,1
6,82,16,1
33,83,4,1
0,66,4,0
8,75,7,1
69,94,18,1
22,85,15,1
29,90,17,1
39,59,13,1
8,96,4,1
1,41,12,0
10,85,17,1
21,84,8,1
9,70,16,1
11,44,16,0
34,95,17,1
0,88,9,1
8,96,13,1
13,30,16,1
7,79,18,1
11,82,14,1
10,95,17,1
51,91,16,1
13,97,17,1
12,47,12,1
5,61,12,0
0,74,12,0
7,99,11,1
0,70,18,1
35,60,17,1
4,86,13,0
48,52,3,1
43,42,10,0
21,82,17,1
39,79,17,1
42,37,13,1
29,98,19,1
14,82,17,1
59,67,7,1
34,72,16,1
2,94,13,0
10,95,14,1
15,73,14,1
15,78,12,1
9,66,11,0
15,67,14,1
1,45,15,0
21,66,7,1
13,85,16,1
30,53,18,1
23,95,15,1
2,54,14,0
8,73,19,0
26,91,17,1
8,74,9,0
16,93,7,0
65,93,19,1
1,89,13,1
4,97,13,1
13,92,14,1
26,62,12,1
8,83,12,1
2,76,5,1
7,84,4,1
20,93,11,1
31,37,15,0
75,73,10,1
28,30,9,1
13,76,16,0
6,78,14,1
52,90,10,0
15,89,13,1
23,60,19,0
12,56,18,1
5,87,14,1
15,70,13,1
36,93,17,1
9,37,17,0
22,59,12,1
0,58,15,0
55,84,5,1
70,76,16,1
9,93,16,1
13,98,14,1
3,84,13,1
4,78,13,0
18,98,17,0
19,99,12,1
8,54,14,1
9,30,13,0
14,76,15,0
56,57,7,1
3,96,6,0
16,79,3,0
1,46,13,0
12,81,19,1
10,51,5,0
3,65,6,0
3,86,14,1
11,76,12,0
2,57,7,1
6,59,12,0
1,95,14,1
7,82,18,1
15,47,8,1
27,76,15,1
35,76,17,1
8,60,16,0
55,90,12,1
5,67,14,0
1,86,9,1
51,83,13,1
15,76,8,1
8,71,13,1
45,66,16,0
29,85,19,1
35,89,1,1
6,93,11,1
41,94,6,1
20,87,18,1
26,95,7,1
7,92,17,1
5,90,14,0
10,30,18,0
17,54,15,1
21,75,8,0
13,47,8,0
24,82,16,1
24,53,13,1
21,52,10,0
5,87,13,1
11,61,18,1
29,95,15,1
43,74,15,1
13,96,3,0
86,48,16,1
3,85,12,1
5,70,10,0
12,88,17,1
14,61,18,1
11,92,5,0
11,74,8,0
13,93,19,1
7,79,7,1
2,71,11,0
62,77,15,1
31,97,19,1
33,60,12,1
9,98,4,1
10,79,15,1
54,30,9,1
72,30,15,1
57,66,10,1
20,96,11,1
5,85,12,1
18,88,14,1
17,81,16,1
47,53,4,0
7,59,18,0
4,87,17,0
6,61,11,1
5,82,11,1
20,78,9,0
33,83,6,0
9,94,7,1
3,92,16,1
8,81,18,1
15,70,14,0
21,98,9,1
15,97,10,1
5,86,9,0
50,66,19,1
11,70,13,0
12,73,5,0
68,71,18,1
40,50,15,1
32,92,3,1
4,91,15,0
36,63,18,1
12,72,12,0
4,91,8,1
93,90,11,1
3,99,18,1
51,98,13,1
0,49,19,1
11,97,9,0
0,30,10,1
48,74,11,1
2,62,10,0
22,92,17,1
19,93,10,1
30,81,10,1
27,95,16,1
0,90,11,1
9,94,15,0
7,89,11,1
72,57,8,1
29,50,18,1
24,64,5,1
11,91,9,1
44,96,12,1
0,74,18,0
5,30,19,0
23,83,9,1
14,96,10,0
15,72,11,0
10,56,18,0
3,76,11,0
3,79,18,1
6,86,18,1
12,49,13,1
34,95,14,1
11,76,12,0
45,86,18,1
2,78,12,1
6,74,18,1
1,91,12,0
14,64,7,1
1,40,14,0
31,71,16,0
0,92,7,1
12,58,14,1
10,84,6,1
4,88,14,1
17,36,6,0
9,70,11,1
4,94,5,0
35,62,9,1
21,66,12,1
0,86,7,0
13,98,15,1
6,82,4,1
49,76,12,1
25,30,14,0
18,77,11,0
1,74,4,0
53,97,15,1
3,69,6,0
11,89,18,1
22,75,18,1
13,99,16,1
42,84,16,1
36,85,10,1
2,95,12,1
19,89,8,1
1,76,14,0
25,77,16,1
26,92,18,1
8,92,5,1
30,62,11,0
21,74,14,1
14,83,11,1
12,87,18,0
2,83,16,1
15,80,13,1
3,58,17,1
21,67,13,1
18,90,7,1
6,71,5,0
5,56,18,1
12,60,3,1
14,87,16,1
31,79,10,1
7,34,11,0
10,64,6,0
8,64,11,0
10,49,14,1
16,45,9,0
16,99,10,0
8,73,17,1
18,31,12,1
19,57,15,1
14,68,8,0
12,48,12,0
1,83,18,1
15,41,13,0
24,65,13,0
4,68,3,0
30,82,18,1
17,89,19,1
5,63,18,0
3,85,6,1
5,96,7,0
28,74,16,0
5,43,18,0
22,83,9,1
15,63,18,1
15,30,15,0
38,62,17,1
41,79,12,1
15,79,7,1
1,78,9,0
3,83,5,0
59,82,17,1
2,98,1,0
36,98,15,1
15,97,19,1
2,45,13,1
50,60,5,1
52,52,13,1
19,64,3,0
9,96,15,1
18,30,8,0
19,96,16,1
19,86,16,0
26,97,7,0
1,84,12,0
2,53,12,0
6,92,19,1
8,52,12,1
20,72,19,1
3,87,15,0
15,35,15,0
4,50,18,1
8,73,15,1
54,80,10,1
45,82,8,1
61,84,19,1
17,74,10,0
13,88,9,0
37,40,16,1
1,54,7,0
76,93,8,1
12,30,6,0
22,62,14,0
26,46,18,1
19,90,7,1
44,92,3,1
6,99,15,1
15,88,17,0
11,79,13,1
24,72,13,1
10,63,15,1
44,75,3,0
13,83,10,1
15,91,12,1
13,61,15,1
19,55,18,1
14,66,10,0
55,61,6,0
2,69,13,0
0,67,17,1
14,86,11,0
28,46,13,1
20,94,16,1
65,86,14,1
4,92,8,0
23,45,7,1
33,83,11,1
48,85,6,1
15,73,9,1
9,86,13,0
62,91,11,1
31,70,6,1
12,87,7,0
21,70,15,1
6,97,16,1
19,30,10,0
15,87,15,1
0,95,7,0
40,44,11,1
13,48,15,1
13,98,17,1
6,71,19,1
4,49,14,0
6,44,13,0
20,51,13,0
2,99,17,0
8,92,18,1
77,90,17,1
6,91,1,0
68,95,8,1
2,35,12,0
31,81,17,1
11,74,8,1
4,39,11,1
30,87,19,1
0,78,13,1
8,79,8,0
18,32,16,1
5,40,19,1
8,63,14,1
1,57,16,0
38,99,11,0
10,78,4,0
3,87,15,0
4,69,13,1
6,40,18,0
5,94,8,1
13,82,19,1
47,59,14,1
4,91,13,0
12,72,13,1
21,93,16,1
4,71,6,0
3,45,12,1
3,70,19,0
42,92,15,1
24,95,6,0
8,84,5,0
46,86,17,0
61,79,6,1
10,77,15,0
14,53,10,0
8,54,14,1
5,72,12,1
30,76,10,1
20,99,6,0
9,97,11,1
0,66,8,0
28,86,15,1
12,71,14,0
1,56,13,0
2,41,16,0
19,86,16,1
15,30,15,1
5,77,16,1
3,40,5,0
43,30,6,0
2,75,6,1
1,94,13,1
19,74,19,1
5,79,8,0
21,61,12,1
13,48,8,0
4,30,11,0
1,81,1,1
1,53,8,1
17,80,14,0
28,99,3,0
23,93,15,1
17,31,10,0
4,83,14,1
39,93,16,1
19,94,17,1
23,91,17,1
5,73,17,1
6,61,10,1
47,66,15,1
12,94,14,1
16,79,15,0
2,94,5,1
10,86,12,0
43,32,12,1
46,77,18,1
26,33,17,1
15,88,8,0
53,98,13,1
41,39,13,0
37,73,15,1
42,58,17,0
12,85,1,1
14,81,13,1
11,63,19,0
26,89,16,1
17,89,9,1
1,89,5,0
2,80,17,1
4,84,14,1
22,90,7,1
2,68,14,1
15,96,5,1
36,30,9,1
58,72,13,1
11,54,17,1
15,90,4,1
35,83,6,1
54,99,17,1
9,60,5,1
8,88,14,1
11,70,13,0
5,32,15,0
39,61,16,1
7,65,10,1
11,91,14,0
7,88,14,1
2,77,3,0
18,65,8,1
17,92,2,1
6,69,12,1
0,91,4,1
55,69,1,1
8,59,16,0
15,49,12,0
3,92,9,1
5,95,4,0
11,35,11,0
16,60,12,1
38,30,16,0
6,88,18,1
41,99,11,1
12,70,17,0
11,52,9,0
10,92,14,1
43,92,16,1
5,91,8,1
38,31,13,1
1,98,16,1
62,83,14,1
13,41,13,0
100,68,18,1
18,85,8,1
2,81,16,0
1,78,2,0
4,54,16,0
10,49,9,0
27,43,16,0
0,97,11,0
5,44,16,1
17,53,12,1
7,91,17,1
8,43,18,0
7,98,14,0
61,45,8,0
1,97,11,1
47,93,8,1
7,38,11,0
5,89,9,1
42,30,8,0
6,45,14,0
87,92,5,1
15,75,10,1
12,71,11,0
75,98,8,1
5,56,15,0
47,88,12,0
17,78,15,0
28,60,17,1
17,75,10,0
19,79,5,0
3,75,12,0
3,46,12,0
10,95,10,0
8,77,11,0
24,78,18,1
25,82,15,1
16,41,13,1
10,98,8,1
22,81,13,1
23,96,15,1
33,30,7,1
33,90,19,1
1,51,17,0
9,68,13,1
10,87,12,1
37,65,12,1
13,72,7,1
13,50,15,0
16,90,15,1
2,42,18,1
16,57,13,1
16,78,16,1
28,60,18,1
20,80,13,1
62,70,12,0
1,90,18,1
29,61,7,1
27,81,11,1
6,66,16,0
23,61,17,1
21,39,10,0
7,96,3,1
25,39,19,0
53,59,13,1
7,81,7,0
78,99,14,1
5,63,17,1
2,82,12,1
1,71,15,1
4,98,11,1
8,80,12,1
26,93,8,1
1,69,5,1
14,99,17,1
14,82,18,1
5,89,14,1
0,43,19,0
5,30,6,0
5,78,14,0
23,39,2,0
5,69,12,1
8,97,14,1
0,88,16,1
19,80,17,1
12,95,15,1
8,75,16,1
24,79,7,0
22,30,8,0
7,47,16,0
24,53,7,1
8,55,17,0
5,58,18,0
25,82,10,0
26,85,10,1
40,76,17,1
13,42,14,1
5,52,8,0
36,72,7,0
3,97,17,1
55,58,18,1
7,97,13,1
0,46,4,0
4,86,6,0
10,64,16,1
1,65,7,0
10,36,12,0
4,30,13,0
0,64,18,1
7,80,2,0
5,72,12,1
10,58,15,0
28,87,18,1
14,50,17,1
29,69,3,1
8,72,13,1
0,91,13,0
51,73,12,0
7,93,18,1
14,77,10,1
12,85,15,1
17,36,18,0
43,66,18,1
40,98,8,0
79,47,3,0
15,73,10,0
51,67,7,1
13,68,16,1
0,81,15,0
3,71,15,0
8,87,18,1
25,89,14,1
1,30,9,0
8,87,12,0
80,92,14,1
30,99,10,0
16,48,16,1
1,75,16,0
0,88,18,1
2,37,11,0
7,72,3,1
18,88,17,1
4,58,7,0
1,74,9,0
1,93,16,1
11,30,7,0
29,36,15,1
34,76,14,1
6,87,15,1
21,77,9,1
9,90,16,1
71,81,13,1
10,63,12,1
10,83,16,1
13,77,9,0
0,62,18,1
10,74,15,0
35,79,17,1
18,88,16,1
69,84,17,1
7,99,10,0
3,61,8,0
27,80,8,1
0,80,6,1
3,69,14,1
14,80,14,1
28,76,11,0
18,96,12,1
100,74,15,1
21,44,16,1
25,37,12,0
100,97,13,0
17,44,18,0
25,77,6,1
7,56,13,0
15,80,12,1
48,91,8,1
38,95,12,1
7,78,13,1
8,84,12,1
37,89,11,1
6,76,15,0
43,89,8,1
29,61,11,1
3,65,10,0
25,42,11,1
35,79,16,0
3,75,14,0
12,77,12,1
39,96,19,1
4,33,1,0
11,55,13,0
18,83,18,1
2,94,10,1
4,68,15,1
12,76,17,1
9,85,11,1
7,59,9,0
0,99,11,0
52,89,9,1
41,89,9,1
9,72,14,1
4,67,12,0
1,91,9,1
2,86,10,0
18,88,18,1
26,96,17,1
3,94,17,1
2,72,18,1
23,97,5,1
14,42,15,1
9,70,18,1
25,63,18,1
12,86,5,0
12,95,10,0
0,41,17,0
7,53,10,0
0,98,9,1
51,41,17,1
6,92,18,1
3,93,9,0
1,85,3,0
0,69,7,0
43,90,16,1
3,95,9,1
19,73,19,1
21,42,14,0
7,86,9,1
35,49,8,1
4,85,15,1
1,96,15,1
1,68,9,0
7,60,11,0
12,77,11,1
19,75,9,0
26,48,17,1
3,73,6,0
23,79,16,1
4,53,15,1
100,95,14,1
63,53,15,1
2,37,18,0
21,62,16,1
46,86,9,1
1,82,7,0
2,84,10,1
8,68,12,0
2,44,16,0
43,30,12,0
41,93,12,1
59,45,17,1
4,61,7,1
0,87,11,1
11,98,19,1
42,83,16,1
20,83,7,1
100,93,4,1
47,95,15,1
9,82,13,0
0,65,7,0
0,61,19,1
20,81,8,0
49,46,19,1
11,84,13,0
41,78,10,1
16,80,17,1
2,32,18,0
32,67,16,1
13,57,12,0
1,50,9,1
33,96,17,1
28,78,3,1
12,49,9,1
0,78,16,0
8,90,11,1
11,49,14,0
3,76,18,1
3,91,19,1
3,97,16,1
9,59,11,0
34,91,5,0
28,69,14,1
0,95,14,1
0,92,8,0
1,82,12,1
12,72,14,1
43,74,17,1
4,95,15,1
12,69,7,0
0,76,7,1
0,97,8,0
0,92,15,1
26,37,17,0
0,97,5,1
6,95,17,1
20,99,9,0
19,87,11,1
1,48,13,0
5,86,13,0
20,63,19,1
9,42,18,0
12,99,12,1
4,30,4,0
0,95,15,0
8,97,7,1
22,84,4,1
29,94,16,1
17,94,14,1
9,80,7,0
17,92,9,1
24,52,18,0
28,78,11,1
1,83,17,1
32,93,18,1
1,74,16,0
40,99,13,1
9,62,4,0
15,87,15,1
6,87,11,1
11,92,10,1
37,70,12,1
7,85,14,1
16,85,17,1
20,80,7,0
3,55,15,0
30,38,10,1
100,96,17,0
3,62,19,1
29,87,9,1
3,69,11,0
60,99,8,1
10,56,4,0
78,93,17,1
1,90,16,1
31,96,3,1
12,72,10,1
6,63,6,0
27,77,8,0
20,45,13,1
46,99,16,1
5,35,14,1
56,75,9,1
20,77,10,1
11,91,9,0
1,58,5,0
28,37,8,0
39,78,9,1
33,46,16,1
26,91,17,1
69,90,15,1
37,39,12,0
52,42,15,1
26,92,15,0
34,51,8,1
6,51,8,1
22,98,15,0
4,98,14,1
1,60,18,1
17,57,10,0
30,94,14,0
1,92,7,1
4,53,10,1
1,74,13,0
20,96,16,1
1,95,4,0
1,94,9,0
6,98,14,0
6,65,16,1
16,43,12,1
0,30,17,1
19,80,15,1
10,77,12,0
3,30,12,0
21,30,9,0
7,92,14,1
35,65,17,1
90,91,18,1
30,92,8,1
27,42,13,1
8,66,8,0
15,96,13,1
1,79,12,0
25,92,13,0
22,46,13,0
6,52,9,1
15,56,14,1
22,64,10,1
9,89,7,0
25,89,16,1
31,47,16,0
5,81,9,0
7,95,11,1
10,48,3,0
5,89,16,0
29,48,4,1
16,96,15,1
9,99,12,1
0,49,19,0
7,90,7,0
36,87,18,1
27,69,17,0
1,30,17,0
32,94,12,1
3,92,9,1
86,35,5,1
40,55,12,1
48,81,15,1
29,88,16,1
24,95,6,1
5,75,8,0
17,73,13,1
23,99,18,1
6,76,15,1
10,73,18,1
58,97,13,1
10,83,8,1
7,81,12,1
2,99,2,0
8,48,9,0
18,70,12,1
3,58,16,0
18,79,13,0
27,91,16,1
29,65,9,1
83,86,11,1
11,82,4,1
0,69,13,0
38,82,14,1
1,93,11,0
39,97,4,1
81,88,17,1
47,60,15,1
66,82,8,1
0,71,12,1
0,83,7,0
4,42,17,0
32,93,12,1
1,99,12,1
27,55,17,0
0,82,13,1
26,95,8,1
5,70,8,1
11,56,13,1
75,50,13,1
16,42,11,0
1,93,12,0
41,93,2,1
7,45,17,0
17,96,14,1
24,65,10,1
30,65,19,1
11,76,1,0
29,89,12,1
2,96,12,1
14,70,12,1
0,91,15,1
10,99,9,1
9,84,10,1
76,85,8,1
10,76,10,0
47,65,9,1
11,78,16,0
15,88,8,0
8,58,11,1
20,67,12,1
26,89,1,1
31,87,13,1
23,51,18,1
8,47,15,0
8,74,17,1
8,71,8,0
0,33,16,0
57,95,15,1
4,93,11,1
3,90,14,0
16,95,13,1
0,81,7,1
36,99,15,1
41,74,14,1
10,84,19,1
71,91,16,1
7,77,16,1
6,80,19,1
91,90,18,1
5,83,13,1
11,66,6,1
18,87,13,1
7,59,15,0
9,90,5,1
25,88,6,1
25,73,14,1
32,42,15,0
18,82,15,1
5,38,17,1
8,56,10,0
46,86,15,1
26,71,19,1
1,69,12,0
28,99,15,1
8,97,13,1
0,62,10,0
13,66,17,1
42,45,12,1
11,64,17,1
89,42,15,1
3,77,7,0
8,99,14,1
0,74,14,0
1,93,14,1
8,87,15,1
15,63,8,0
5,96,7,0
3,86,11,1
10,82,5,0
3,71,7,0
19,93,11,1
62,81,15,1
32,97,4,1
4,78,15,1
60,63,13,1
27,80,13,0
3,81,5,1
17,67,12,0
67,82,7,1
2,83,16,0
6,84,4,0
9,81,15,1
2,77,11,1
7,51,11,0
23,80,17,1
12,98,15,1
10,98,18,0
11,49,14,1
28,46,18,1
94,75,17,1
17,60,7,0
27,92,7,1
9,55,2,0
39,47,8,0
10,80,16,0
54,63,14,1
27,87,2,0
24,98,10,1
6,99,19,1
31,83,16,1
2,92,3,0
15,72,4,1
26,81,11,0
43,78,9,1
16,44,12,1
5,87,7,1
37,89,17,1
29,30,18,1
3,87,15,0
41,64,15,1
64,55,14,1
15,87,18,1
0,91,6,0
49,93,8,1
2,58,18,1
20,71,16,1
10,79,11,1
96,48,12,1
49,91,14,1
30,81,2,1
4,90,3,0
24,59,13,0
16,91,11,1
2,89,11,1
31,96,14,1
1,92,14,1
13,80,17,1
11,90,3,1
32,81,16,1
11,82,14,1
23,86,9,1
13,30,12,0
17,43,15,1
5,58,3,0
4,94,12,1
24,97,15,1
2,85,13,1
3,89,7,1
56,99,12,1
5,77,11,1
7,81,12,0
20,52,17,1
11,95,18,1
16,71,18,0
3,39,15,0
22,60,5,1
3,97,4,0
27,95,15,1
14,95,10,1
33,98,16,1
3,32,15,0
9,85,10,0
37,44,8,1
32,47,12,0
67,61,15,1
5,81,11,1
15,86,6,1
0,81,15,0
67,66,11,1
3,76,18,1
47,89,9,1
22,54,3,0
55,85,13,1
5,72,11,1
8,79,10,1
3,52,6,0
10,49,4,0
58,86,12,1
16,30,16,1
10,67,17,0
7,95,16,1
17,47,15,1
25,80,13,1
10,82,19,1
5,88,5,0
17,95,7,1
9,71,10,1
100,91,3,1
11,93,12,1
11,99,8,1
36,77,18,0
5,83,15,1
1,95,16,0
38,91,5,1
17,95,12,1
6,95,13,0
8,84,19,1
11,65,13,1
22,73,3,0
12,75,13,1
10,74,8,0
30,85,13,1
1,66,9,1
21,97,5,1
11,79,17,0
8,99,10,0
52,92,13,1
30,74,11,1
4,93,5,0
21,63,13,1
34,82,15,1
90,65,18,1
23,87,12,1
23,93,19,1
19,96,15,1
0,84,15,1
17,76,15,0
32,53,16,1
10,77,18,1
17,62,3,1
52,97,14,1
3,99,13,0
6,87,16,1
2,82,7,1
13,80,1,1
36,85,18,1
11,97,15,1
1,33,12,0
6,86,9,1
44,98,17,1
16,73,17,1
49,30,11,1
35,70,8,1
10,84,14,1
20,68,7,1
21,84,14,1
27,74,15,1
8,87,12,1
6,90,6,1
23,60,11,0
34,94,16,1
10,81,13,1
7,85,10,0
34,93,16,1
23,84,15,1
8,84,18,1
15,98,15,0
64,61,16,1
27,93,15,1
5,59,9,1
6,86,17,1
6,80,16,1
37,95,14,1
20,92,16,1
56,89,9,1
1,62,17,1
1,92,13,1
22,45,14,1
6,50,10,0
22,53,5,1
25,79,15,1
7,78,13,1
61,87,13,1
29,99,16,1
9,95,13,0
10,73,11,1
25,85,9,1
7,89,14,1
7,84,17,1
19,75,10,1
2,81,13,0
100,45,19,1
6,42,10,0
9,57,16,1
5,94,15,1
20,93,8,1
1,52,3,0
52,98,11,1
7,81,9,0
52,98,15,1
5,77,8,1
14,67,12,1
23,96,18,1
18,33,19,0
14,70,14,0
31,93,12,1
12,66,6,1
8,48,9,0
25,59,17,1
55,85,8,1
18,91,8,1
6,76,14,1
28,97,18,0
28,95,14,1
6,40,7,1
9,83,4,0
3,52,12,1
1,87,18,1
32,89,8,1
9,76,12,1
6,57,12,1
5,98,13,0
1,85,17,1
83,90,15,1
9,49,11,0
3,99,15,1
39,91,9,1
25,93,6,1
21,78,12,0
7,74,14,0
10,44,9,0
36,65,11,1
20,69,15,1
8,45,17,1
2,55,17,0
46,99,18,1
62,50,18,1
25,70,10,1
23,60,6,0
15,94,11,1
71,62,8,1
23,83,2,0
1,77,4,1
1,88,12,0
66,85,13,1
57,88,17,1
16,92,11,0
4,42,10,0
17,84,13,1
28,82,16,1
0,48,3,0
34,80,7,0
12,59,16,0
12,76,18,1
11,95,5,0
23,79,7,1
4,90,15,1
18,73,16,1
0,92,7,1
33,70,14,1
33,94,9,1
7,93,15,1
2,63,13,0
27,69,11,1
12,80,15,1
51,93,11,1
8,87,9,1
36,88,2,0
0,93,7,1
29,56,4,1
22,92,17,1
14,83,8,0
48,89,16,1
56,73,16,1
53,59,8,1
18,82,19,1
14,93,17,1
6,92,15,1
3,81,16,1
16,72,16,1
3,75,3,0
3,53,11,0
8,43,10,1
4,41,14,0
13,98,15,1
21,76,19,1
23,96,12,1
15,79,14,1
14,96,15,1
12,82,10,1
5,57,8,0
21,72,10,1
21,93,12,1
5,98,13,1
24,88,4,1
39,93,17,1
18,90,10,0
2,63,11,0
7,62,8,0
